student_id,date,minutes_spent
S110,2025-10-31,76
S110,2025-11-01,118
S110,2025-11-02,87
S110,2025-11-03,18
S110,2025-11-04,93
S110,2025-11-05,45
S110,2025-11-06,62
S110,2025-11-07,53
S110,2025-11-08,106
S110,2025-11-09,0
S110,2025-11-10,0
S110,2025-11-11,69
S110,2025-11-12,59
S110,2025-11-13,38
S110,2025-11-14,48
S110,2025-11-15,101
S110,2025-11-16,25
S110,2025-11-17,0
S110,2025-11-18,47
S110,2025-11-19,0
S110,2025-11-20,0
S110,2025-11-21,108
S110,2025-11-22,27
S110,2025-11-23,0
S110,2025-11-24,64
S110,2025-11-25,102
S110,2025-11-26,101
S110,2025-11-27,13
S110,2025-11-28,96
S110,2025-11-29,0
S110,2025-11-30,0
S110,2025-12-01,49
S110,2025-12-02,40
S110,2025-12-03,89
S110,2025-12-04,0
S110,2025-12-05,12
S110,2025-12-06,74
S110,2025-12-07,120
S110,2025-12-08,73
S110,2025-12-09,47
S110,2025-12-10,101
S110,2025-12-11,74
S110,2025-12-12,11
S110,2025-12-13,106
S110,2025-12-14,47
S110,2025-12-15,0
S110,2025-12-16,69
S110,2025-12-17,0
S110,2025-12-18,0
S110,2025-12-19,32
S110,2025-12-20,53
S110,2025-12-21,46
S110,2025-12-22,105
S110,2025-12-23,40
S110,2025-12-24,91
S110,2025-12-25,46
S110,2025-12-26,22
S110,2025-12-27,113
S110,2025-12-28,102
S110,2025-12-29,88
S110,2025-12-30,0
S110,2025-12-31,100
S110,2026-01-01,34
S110,2026-01-02,0
S110,2026-01-03,74
S110,2026-01-04,15
S110,2026-01-05,99
S110,2026-01-06,111
S110,2026-01-07,0
S110,2026-01-08,0
S110,2026-01-09,0
S110,2026-01-10,0
S110,2026-01-11,87
S110,2026-01-12,104
S110,2026-01-13,102
S110,2026-01-14,93
S110,2026-01-15,86
S110,2026-01-16,120
S110,2026-01-17,110
S110,2026-01-18,55
S110,2026-01-19,0
S110,2026-01-20,0
S110,2026-01-21,96
S110,2026-01-22,31
S110,2026-01-23,39
S110,2026-01-24,74
S110,2026-01-25,0
S110,2026-01-26,18
S110,2026-01-27,34
S110,2026-01-28,63
S111,2025-10-31,0
S111,2025-11-01,116
S111,2025-11-02,0
S111,2025-11-03,0
S111,2025-11-04,0
S111,2025-11-05,71
S111,2025-11-06,0
S111,2025-11-07,94
S111,2025-11-08,42
S111,2025-11-09,0
S111,2025-11-10,0
S111,2025-11-11,32
S111,2025-11-12,0
S111,2025-11-13,17
S111,2025-11-14,37
S111,2025-11-15,35
S111,2025-11-16,0
S111,2025-11-17,0
S111,2025-11-18,32
S111,2025-11-19,27
S111,2025-11-20,39
S111,2025-11-21,70
S111,2025-11-22,0
S111,2025-11-23,83
S111,2025-11-24,0
S111,2025-11-25,0
S111,2025-11-26,11
S111,2025-11-27,0
S111,2025-11-28,0
S111,2025-11-29,0
S111,2025-11-30,0
S111,2025-12-01,71
S111,2025-12-02,0
S111,2025-12-03,118
S111,2025-12-04,38
S111,2025-12-05,23
S111,2025-12-06,15
S111,2025-12-07,70
S111,2025-12-08,83
S111,2025-12-09,0
S111,2025-12-10,58
S111,2025-12-11,66
S111,2025-12-12,95
S111,2025-12-13,16
S111,2025-12-14,34
S111,2025-12-15,0
S111,2025-12-16,54
S111,2025-12-17,0
S111,2025-12-18,24
S111,2025-12-19,0
S111,2025-12-20,69
S111,2025-12-21,57
S111,2025-12-22,95
S111,2025-12-23,0
S111,2025-12-24,12
S111,2025-12-25,103
S111,2025-12-26,114
S111,2025-12-27,92
S111,2025-12-28,0
S111,2025-12-29,63
S111,2025-12-30,18
S111,2025-12-31,14
S111,2026-01-01,0
S111,2026-01-02,112
S111,2026-01-03,113
S111,2026-01-04,0
S111,2026-01-05,38
S111,2026-01-06,0
S111,2026-01-07,11
S111,2026-01-08,81
S111,2026-01-09,33
S111,2026-01-10,0
S111,2026-01-11,55
S111,2026-01-12,0
S111,2026-01-13,44
S111,2026-01-14,0
S111,2026-01-15,40
S111,2026-01-16,25
S111,2026-01-17,0
S111,2026-01-18,108
S111,2026-01-19,0
S111,2026-01-20,33
S111,2026-01-21,110
S111,2026-01-22,0
S111,2026-01-23,0
S111,2026-01-24,12
S111,2026-01-25,0
S111,2026-01-26,0
S111,2026-01-27,92
S111,2026-01-28,109
S112,2025-10-31,35
S112,2025-11-01,0
S112,2025-11-02,82
S112,2025-11-03,65
S112,2025-11-04,0
S112,2025-11-05,0
S112,2025-11-06,0
S112,2025-11-07,114
S112,2025-11-08,88
S112,2025-11-09,0
S112,2025-11-10,89
S112,2025-11-11,0
S112,2025-11-12,84
S112,2025-11-13,12
S112,2025-11-14,120
S112,2025-11-15,0
S112,2025-11-16,110
S112,2025-11-17,31
S112,2025-11-18,74
S112,2025-11-19,30
S112,2025-11-20,0
S112,2025-11-21,11
S112,2025-11-22,0
S112,2025-11-23,0
S112,2025-11-24,0
S112,2025-11-25,81
S112,2025-11-26,0
S112,2025-11-27,104
S112,2025-11-28,75
S112,2025-11-29,55
S112,2025-11-30,46
S112,2025-12-01,0
S112,2025-12-02,11
S112,2025-12-03,0
S112,2025-12-04,65
S112,2025-12-05,102
S112,2025-12-06,49
S112,2025-12-07,96
S112,2025-12-08,89
S112,2025-12-09,64
S112,2025-12-10,105
S112,2025-12-11,34
S112,2025-12-12,0
S112,2025-12-13,0
S112,2025-12-14,0
S112,2025-12-15,42
S112,2025-12-16,45
S112,2025-12-17,22
S112,2025-12-18,34
S112,2025-12-19,101
S112,2025-12-20,79
S112,2025-12-21,0
S112,2025-12-22,49
S112,2025-12-23,0
S112,2025-12-24,12
S112,2025-12-25,97
S112,2025-12-26,75
S112,2025-12-27,113
S112,2025-12-28,77
S112,2025-12-29,116
S112,2025-12-30,0
S112,2025-12-31,60
S112,2026-01-01,120
S112,2026-01-02,83
S112,2026-01-03,0
S112,2026-01-04,91
S112,2026-01-05,88
S112,2026-01-06,32
S112,2026-01-07,22
S112,2026-01-08,104
S112,2026-01-09,0
S112,2026-01-10,59
S112,2026-01-11,80
S112,2026-01-12,107
S112,2026-01-13,113
S112,2026-01-14,19
S112,2026-01-15,68
S112,2026-01-16,93
S112,2026-01-17,0
S112,2026-01-18,0
S112,2026-01-19,113
S112,2026-01-20,25
S112,2026-01-21,73
S112,2026-01-22,0
S112,2026-01-23,42
S112,2026-01-24,0
S112,2026-01-25,61
S112,2026-01-26,67
S112,2026-01-27,101
S112,2026-01-28,102
S113,2025-10-31,58
S113,2025-11-01,64
S113,2025-11-02,0
S113,2025-11-03,0
S113,2025-11-04,27
S113,2025-11-05,0
S113,2025-11-06,77
S113,2025-11-07,0
S113,2025-11-08,62
S113,2025-11-09,117
S113,2025-11-10,26
S113,2025-11-11,0
S113,2025-11-12,114
S113,2025-11-13,0
S113,2025-11-14,0
S113,2025-11-15,69
S113,2025-11-16,19
S113,2025-11-17,55
S113,2025-11-18,60
S113,2025-11-19,105
S113,2025-11-20,0
S113,2025-11-21,25
S113,2025-11-22,51
S113,2025-11-23,60
S113,2025-11-24,0
S113,2025-11-25,60
S113,2025-11-26,0
S113,2025-11-27,0
S113,2025-11-28,65
S113,2025-11-29,0
S113,2025-11-30,61
S113,2025-12-01,15
S113,2025-12-02,0
S113,2025-12-03,0
S113,2025-12-04,110
S113,2025-12-05,12
S113,2025-12-06,114
S113,2025-12-07,99
S113,2025-12-08,45
S113,2025-12-09,0
S113,2025-12-10,89
S113,2025-12-11,0
S113,2025-12-12,35
S113,2025-12-13,58
S113,2025-12-14,0
S113,2025-12-15,115
S113,2025-12-16,0
S113,2025-12-17,0
S113,2025-12-18,103
S113,2025-12-19,0
S113,2025-12-20,61
S113,2025-12-21,58
S113,2025-12-22,0
S113,2025-12-23,102
S113,2025-12-24,68
S113,2025-12-25,107
S113,2025-12-26,0
S113,2025-12-27,69
S113,2025-12-28,103
S113,2025-12-29,0
S113,2025-12-30,0
S113,2025-12-31,62
S113,2026-01-01,81
S113,2026-01-02,70
S113,2026-01-03,53
S113,2026-01-04,108
S113,2026-01-05,31
S113,2026-01-06,37
S113,2026-01-07,20
S113,2026-01-08,75
S113,2026-01-09,0
S113,2026-01-10,63
S113,2026-01-11,40
S113,2026-01-12,0
S113,2026-01-13,81
S113,2026-01-14,0
S113,2026-01-15,70
S113,2026-01-16,29
S113,2026-01-17,59
S113,2026-01-18,48
S113,2026-01-19,0
S113,2026-01-20,82
S113,2026-01-21,0
S113,2026-01-22,119
S113,2026-01-23,0
S113,2026-01-24,0
S113,2026-01-25,52
S113,2026-01-26,73
S113,2026-01-27,55
S113,2026-01-28,62
S114,2025-10-31,23
S114,2025-11-01,0
S114,2025-11-02,0
S114,2025-11-03,0
S114,2025-11-04,0
S114,2025-11-05,0
S114,2025-11-06,23
S114,2025-11-07,100
S114,2025-11-08,72
S114,2025-11-09,0
S114,2025-11-10,19
S114,2025-11-11,87
S114,2025-11-12,59
S114,2025-11-13,92
S114,2025-11-14,0
S114,2025-11-15,41
S114,2025-11-16,22
S114,2025-11-17,113
S114,2025-11-18,23
S114,2025-11-19,116
S114,2025-11-20,53
S114,2025-11-21,44
S114,2025-11-22,65
S114,2025-11-23,102
S114,2025-11-24,62
S114,2025-11-25,116
S114,2025-11-26,87
S114,2025-11-27,15
S114,2025-11-28,0
S114,2025-11-29,0
S114,2025-11-30,11
S114,2025-12-01,46
S114,2025-12-02,0
S114,2025-12-03,0
S114,2025-12-04,51
S114,2025-12-05,23
S114,2025-12-06,88
S114,2025-12-07,41
S114,2025-12-08,0
S114,2025-12-09,15
S114,2025-12-10,33
S114,2025-12-11,0
S114,2025-12-12,0
S114,2025-12-13,78
S114,2025-12-14,84
S114,2025-12-15,0
S114,2025-12-16,0
S114,2025-12-17,10
S114,2025-12-18,0
S114,2025-12-19,37
S114,2025-12-20,0
S114,2025-12-21,30
S114,2025-12-22,0
S114,2025-12-23,0
S114,2025-12-24,38
S114,2025-12-25,86
S114,2025-12-26,27
S114,2025-12-27,68
S114,2025-12-28,52
S114,2025-12-29,97
S114,2025-12-30,0
S114,2025-12-31,0
S114,2026-01-01,49
S114,2026-01-02,43
S114,2026-01-03,35
S114,2026-01-04,43
S114,2026-01-05,51
S114,2026-01-06,0
S114,2026-01-07,37
S114,2026-01-08,97
S114,2026-01-09,48
S114,2026-01-10,34
S114,2026-01-11,0
S114,2026-01-12,0
S114,2026-01-13,0
S114,2026-01-14,29
S114,2026-01-15,20
S114,2026-01-16,111
S114,2026-01-17,0
S114,2026-01-18,0
S114,2026-01-19,43
S114,2026-01-20,0
S114,2026-01-21,0
S114,2026-01-22,92
S114,2026-01-23,0
S114,2026-01-24,85
S114,2026-01-25,34
S114,2026-01-26,69
S114,2026-01-27,63
S114,2026-01-28,0
S115,2025-10-31,71
S115,2025-11-01,118
S115,2025-11-02,0
S115,2025-11-03,63
S115,2025-11-04,0
S115,2025-11-05,77
S115,2025-11-06,54
S115,2025-11-07,0
S115,2025-11-08,0
S115,2025-11-09,27
S115,2025-11-10,0
S115,2025-11-11,46
S115,2025-11-12,15
S115,2025-11-13,84
S115,2025-11-14,46
S115,2025-11-15,0
S115,2025-11-16,42
S115,2025-11-17,0
S115,2025-11-18,0
S115,2025-11-19,0
S115,2025-11-20,104
S115,2025-11-21,50
S115,2025-11-22,28
S115,2025-11-23,71
S115,2025-11-24,42
S115,2025-11-25,0
S115,2025-11-26,76
S115,2025-11-27,0
S115,2025-11-28,0
S115,2025-11-29,101
S115,2025-11-30,18
S115,2025-12-01,44
S115,2025-12-02,115
S115,2025-12-03,0
S115,2025-12-04,0
S115,2025-12-05,69
S115,2025-12-06,33
S115,2025-12-07,90
S115,2025-12-08,17
S115,2025-12-09,44
S115,2025-12-10,93
S115,2025-12-11,90
S115,2025-12-12,0
S115,2025-12-13,0
S115,2025-12-14,0
S115,2025-12-15,84
S115,2025-12-16,0
S115,2025-12-17,0
S115,2025-12-18,0
S115,2025-12-19,77
S115,2025-12-20,0
S115,2025-12-21,0
S115,2025-12-22,53
S115,2025-12-23,38
S115,2025-12-24,65
S115,2025-12-25,14
S115,2025-12-26,22
S115,2025-12-27,109
S115,2025-12-28,17
S115,2025-12-29,12
S115,2025-12-30,55
S115,2025-12-31,0
S115,2026-01-01,34
S115,2026-01-02,0
S115,2026-01-03,80
S115,2026-01-04,0
S115,2026-01-05,10
S115,2026-01-06,100
S115,2026-01-07,0
S115,2026-01-08,0
S115,2026-01-09,0
S115,2026-01-10,40
S115,2026-01-11,0
S115,2026-01-12,0
S115,2026-01-13,96
S115,2026-01-14,31
S115,2026-01-15,0
S115,2026-01-16,0
S115,2026-01-17,21
S115,2026-01-18,35
S115,2026-01-19,0
S115,2026-01-20,0
S115,2026-01-21,0
S115,2026-01-22,0
S115,2026-01-23,80
S115,2026-01-24,68
S115,2026-01-25,0
S115,2026-01-26,46
S115,2026-01-27,57
S115,2026-01-28,75
S116,2025-10-31,0
S116,2025-11-01,0
S116,2025-11-02,0
S116,2025-11-03,24
S116,2025-11-04,21
S116,2025-11-05,0
S116,2025-11-06,41
S116,2025-11-07,0
S116,2025-11-08,69
S116,2025-11-09,30
S116,2025-11-10,75
S116,2025-11-11,0
S116,2025-11-12,98
S116,2025-11-13,0
S116,2025-11-14,0
S116,2025-11-15,44
S116,2025-11-16,91
S116,2025-11-17,0
S116,2025-11-18,0
S116,2025-11-19,0
S116,2025-11-20,83
S116,2025-11-21,31
S116,2025-11-22,52
S116,2025-11-23,96
S116,2025-11-24,0
S116,2025-11-25,0
S116,2025-11-26,0
S116,2025-11-27,36
S116,2025-11-28,32
S116,2025-11-29,0
S116,2025-11-30,0
S116,2025-12-01,0
S116,2025-12-02,64
S116,2025-12-03,0
S116,2025-12-04,0
S116,2025-12-05,52
S116,2025-12-06,38
S116,2025-12-07,0
S116,2025-12-08,21
S116,2025-12-09,24
S116,2025-12-10,21
S116,2025-12-11,0
S116,2025-12-12,0
S116,2025-12-13,0
S116,2025-12-14,44
S116,2025-12-15,98
S116,2025-12-16,106
S116,2025-12-17,0
S116,2025-12-18,0
S116,2025-12-19,0
S116,2025-12-20,0
S116,2025-12-21,75
S116,2025-12-22,54
S116,2025-12-23,0
S116,2025-12-24,120
S116,2025-12-25,114
S116,2025-12-26,64
S116,2025-12-27,0
S116,2025-12-28,38
S116,2025-12-29,98
S116,2025-12-30,17
S116,2025-12-31,0
S116,2026-01-01,43
S116,2026-01-02,119
S116,2026-01-03,0
S116,2026-01-04,0
S116,2026-01-05,43
S116,2026-01-06,32
S116,2026-01-07,90
S116,2026-01-08,0
S116,2026-01-09,12
S116,2026-01-10,82
S116,2026-01-11,0
S116,2026-01-12,88
S116,2026-01-13,0
S116,2026-01-14,0
S116,2026-01-15,0
S116,2026-01-16,0
S116,2026-01-17,0
S116,2026-01-18,0
S116,2026-01-19,0
S116,2026-01-20,45
S116,2026-01-21,0
S116,2026-01-22,76
S116,2026-01-23,0
S116,2026-01-24,0
S116,2026-01-25,106
S116,2026-01-26,0
S116,2026-01-27,0
S116,2026-01-28,61
S117,2025-10-31,98
S117,2025-11-01,0
S117,2025-11-02,0
S117,2025-11-03,0
S117,2025-11-04,97
S117,2025-11-05,0
S117,2025-11-06,15
S117,2025-11-07,27
S117,2025-11-08,0
S117,2025-11-09,0
S117,2025-11-10,93
S117,2025-11-11,19
S117,2025-11-12,0
S117,2025-11-13,45
S117,2025-11-14,0
S117,2025-11-15,68
S117,2025-11-16,99
S117,2025-11-17,26
S117,2025-11-18,0
S117,2025-11-19,0
S117,2025-11-20,115
S117,2025-11-21,0
S117,2025-11-22,21
S117,2025-11-23,0
S117,2025-11-24,112
S117,2025-11-25,0
S117,2025-11-26,0
S117,2025-11-27,67
S117,2025-11-28,33
S117,2025-11-29,0
S117,2025-11-30,0
S117,2025-12-01,0
S117,2025-12-02,75
S117,2025-12-03,106
S117,2025-12-04,57
S117,2025-12-05,75
S117,2025-12-06,0
S117,2025-12-07,59
S117,2025-12-08,0
S117,2025-12-09,0
S117,2025-12-10,0
S117,2025-12-11,0
S117,2025-12-12,0
S117,2025-12-13,0
S117,2025-12-14,81
S117,2025-12-15,0
S117,2025-12-16,28
S117,2025-12-17,17
S117,2025-12-18,0
S117,2025-12-19,0
S117,2025-12-20,0
S117,2025-12-21,114
S117,2025-12-22,16
S117,2025-12-23,0
S117,2025-12-24,114
S117,2025-12-25,0
S117,2025-12-26,110
S117,2025-12-27,0
S117,2025-12-28,37
S117,2025-12-29,74
S117,2025-12-30,0
S117,2025-12-31,10
S117,2026-01-01,50
S117,2026-01-02,37
S117,2026-01-03,0
S117,2026-01-04,109
S117,2026-01-05,109
S117,2026-01-06,96
S117,2026-01-07,111
S117,2026-01-08,0
S117,2026-01-09,0
S117,2026-01-10,61
S117,2026-01-11,38
S117,2026-01-12,80
S117,2026-01-13,0
S117,2026-01-14,31
S117,2026-01-15,69
S117,2026-01-16,0
S117,2026-01-17,0
S117,2026-01-18,48
S117,2026-01-19,80
S117,2026-01-20,0
S117,2026-01-21,34
S117,2026-01-22,0
S117,2026-01-23,0
S117,2026-01-24,0
S117,2026-01-25,26
S117,2026-01-26,25
S117,2026-01-27,0
S117,2026-01-28,73
S118,2025-10-31,0
S118,2025-11-01,47
S118,2025-11-02,0
S118,2025-11-03,0
S118,2025-11-04,118
S118,2025-11-05,0
S118,2025-11-06,0
S118,2025-11-07,57
S118,2025-11-08,35
S118,2025-11-09,71
S118,2025-11-10,0
S118,2025-11-11,12
S118,2025-11-12,0
S118,2025-11-13,0
S118,2025-11-14,0
S118,2025-11-15,23
S118,2025-11-16,56
S118,2025-11-17,72
S118,2025-11-18,0
S118,2025-11-19,0
S118,2025-11-20,0
S118,2025-11-21,0
S118,2025-11-22,0
S118,2025-11-23,108
S118,2025-11-24,0
S118,2025-11-25,0
S118,2025-11-26,118
S118,2025-11-27,118
S118,2025-11-28,114
S118,2025-11-29,0
S118,2025-11-30,0
S118,2025-12-01,67
S118,2025-12-02,71
S118,2025-12-03,102
S118,2025-12-04,0
S118,2025-12-05,10
S118,2025-12-06,31
S118,2025-12-07,0
S118,2025-12-08,0
S118,2025-12-09,0
S118,2025-12-10,33
S118,2025-12-11,92
S118,2025-12-12,114
S118,2025-12-13,109
S118,2025-12-14,104
S118,2025-12-15,0
S118,2025-12-16,20
S118,2025-12-17,56
S118,2025-12-18,0
S118,2025-12-19,0
S118,2025-12-20,55
S118,2025-12-21,0
S118,2025-12-22,0
S118,2025-12-23,0
S118,2025-12-24,85
S118,2025-12-25,102
S118,2025-12-26,18
S118,2025-12-27,75
S118,2025-12-28,0
S118,2025-12-29,11
S118,2025-12-30,0
S118,2025-12-31,0
S118,2026-01-01,0
S118,2026-01-02,111
S118,2026-01-03,20
S118,2026-01-04,0
S118,2026-01-05,0
S118,2026-01-06,54
S118,2026-01-07,16
S118,2026-01-08,27
S118,2026-01-09,46
S118,2026-01-10,87
S118,2026-01-11,70
S118,2026-01-12,39
S118,2026-01-13,86
S118,2026-01-14,49
S118,2026-01-15,43
S118,2026-01-16,0
S118,2026-01-17,46
S118,2026-01-18,64
S118,2026-01-19,105
S118,2026-01-20,65
S118,2026-01-21,0
S118,2026-01-22,56
S118,2026-01-23,66
S118,2026-01-24,0
S118,2026-01-25,0
S118,2026-01-26,33
S118,2026-01-27,0
S118,2026-01-28,113
S119,2025-10-31,40
S119,2025-11-01,99
S119,2025-11-02,0
S119,2025-11-03,0
S119,2025-11-04,35
S119,2025-11-05,10
S119,2025-11-06,44
S119,2025-11-07,26
S119,2025-11-08,102
S119,2025-11-09,98
S119,2025-11-10,0
S119,2025-11-11,72
S119,2025-11-12,0
S119,2025-11-13,19
S119,2025-11-14,0
S119,2025-11-15,39
S119,2025-11-16,76
S119,2025-11-17,76
S119,2025-11-18,0
S119,2025-11-19,0
S119,2025-11-20,45
S119,2025-11-21,0
S119,2025-11-22,0
S119,2025-11-23,39
S119,2025-11-24,115
S119,2025-11-25,96
S119,2025-11-26,31
S119,2025-11-27,78
S119,2025-11-28,0
S119,2025-11-29,0
S119,2025-11-30,28
S119,2025-12-01,0
S119,2025-12-02,84
S119,2025-12-03,18
S119,2025-12-04,31
S119,2025-12-05,18
S119,2025-12-06,50
S119,2025-12-07,92
S119,2025-12-08,0
S119,2025-12-09,14
S119,2025-12-10,0
S119,2025-12-11,81
S119,2025-12-12,0
S119,2025-12-13,0
S119,2025-12-14,35
S119,2025-12-15,0
S119,2025-12-16,116
S119,2025-12-17,42
S119,2025-12-18,110
S119,2025-12-19,0
S119,2025-12-20,0
S119,2025-12-21,19
S119,2025-12-22,13
S119,2025-12-23,81
S119,2025-12-24,0
S119,2025-12-25,0
S119,2025-12-26,62
S119,2025-12-27,110
S119,2025-12-28,28
S119,2025-12-29,117
S119,2025-12-30,0
S119,2025-12-31,0
S119,2026-01-01,0
S119,2026-01-02,109
S119,2026-01-03,0
S119,2026-01-04,0
S119,2026-01-05,59
S119,2026-01-06,0
S119,2026-01-07,0
S119,2026-01-08,32
S119,2026-01-09,115
S119,2026-01-10,34
S119,2026-01-11,50
S119,2026-01-12,78
S119,2026-01-13,0
S119,2026-01-14,42
S119,2026-01-15,95
S119,2026-01-16,104
S119,2026-01-17,114
S119,2026-01-18,81
S119,2026-01-19,75
S119,2026-01-20,85
S119,2026-01-21,0
S119,2026-01-22,0
S119,2026-01-23,0
S119,2026-01-24,0
S119,2026-01-25,52
S119,2026-01-26,30
S119,2026-01-27,0
S119,2026-01-28,0
S120,2025-10-31,120
S120,2025-11-01,0
S120,2025-11-02,86
S120,2025-11-03,27
S120,2025-11-04,54
S120,2025-11-05,83
S120,2025-11-06,0
S120,2025-11-07,0
S120,2025-11-08,109
S120,2025-11-09,59
S120,2025-11-10,48
S120,2025-11-11,104
S120,2025-11-12,105
S120,2025-11-13,64
S120,2025-11-14,54
S120,2025-11-15,0
S120,2025-11-16,78
S120,2025-11-17,92
S120,2025-11-18,77
S120,2025-11-19,0
S120,2025-11-20,0
S120,2025-11-21,98
S120,2025-11-22,22
S120,2025-11-23,45
S120,2025-11-24,49
S120,2025-11-25,59
S120,2025-11-26,72
S120,2025-11-27,0
S120,2025-11-28,26
S120,2025-11-29,57
S120,2025-11-30,0
S120,2025-12-01,0
S120,2025-12-02,105
S120,2025-12-03,108
S120,2025-12-04,75
S120,2025-12-05,117
S120,2025-12-06,54
S120,2025-12-07,52
S120,2025-12-08,65
S120,2025-12-09,0
S120,2025-12-10,15
S120,2025-12-11,26
S120,2025-12-12,119
S120,2025-12-13,0
S120,2025-12-14,0
S120,2025-12-15,13
S120,2025-12-16,98
S120,2025-12-17,0
S120,2025-12-18,47
S120,2025-12-19,53
S120,2025-12-20,120
S120,2025-12-21,0
S120,2025-12-22,87
S120,2025-12-23,0
S120,2025-12-24,0
S120,2025-12-25,46
S120,2025-12-26,41
S120,2025-12-27,60
S120,2025-12-28,0
S120,2025-12-29,116
S120,2025-12-30,92
S120,2025-12-31,0
S120,2026-01-01,0
S120,2026-01-02,19
S120,2026-01-03,0
S120,2026-01-04,20
S120,2026-01-05,29
S120,2026-01-06,0
S120,2026-01-07,0
S120,2026-01-08,94
S120,2026-01-09,35
S120,2026-01-10,74
S120,2026-01-11,0
S120,2026-01-12,13
S120,2026-01-13,0
S120,2026-01-14,0
S120,2026-01-15,0
S120,2026-01-16,61
S120,2026-01-17,0
S120,2026-01-18,95
S120,2026-01-19,114
S120,2026-01-20,107
S120,2026-01-21,119
S120,2026-01-22,74
S120,2026-01-23,0
S120,2026-01-24,119
S120,2026-01-25,115
S120,2026-01-26,70
S120,2026-01-27,100
S120,2026-01-28,0
S121,2025-10-31,0
S121,2025-11-01,70
S121,2025-11-02,86
S121,2025-11-03,85
S121,2025-11-04,67
S121,2025-11-05,91
S121,2025-11-06,0
S121,2025-11-07,110
S121,2025-11-08,18
S121,2025-11-09,72
S121,2025-11-10,22
S121,2025-11-11,75
S121,2025-11-12,0
S121,2025-11-13,17
S121,2025-11-14,103
S121,2025-11-15,0
S121,2025-11-16,41
S121,2025-11-17,0
S121,2025-11-18,0
S121,2025-11-19,81
S121,2025-11-20,0
S121,2025-11-21,118
S121,2025-11-22,99
S121,2025-11-23,0
S121,2025-11-24,54
S121,2025-11-25,23
S121,2025-11-26,26
S121,2025-11-27,11
S121,2025-11-28,0
S121,2025-11-29,85
S121,2025-11-30,111
S121,2025-12-01,73
S121,2025-12-02,62
S121,2025-12-03,64
S121,2025-12-04,58
S121,2025-12-05,0
S121,2025-12-06,0
S121,2025-12-07,102
S121,2025-12-08,27
S121,2025-12-09,74
S121,2025-12-10,69
S121,2025-12-11,28
S121,2025-12-12,0
S121,2025-12-13,0
S121,2025-12-14,47
S121,2025-12-15,31
S121,2025-12-16,26
S121,2025-12-17,0
S121,2025-12-18,0
S121,2025-12-19,0
S121,2025-12-20,41
S121,2025-12-21,44
S121,2025-12-22,0
S121,2025-12-23,0
S121,2025-12-24,96
S121,2025-12-25,0
S121,2025-12-26,71
S121,2025-12-27,88
S121,2025-12-28,0
S121,2025-12-29,0
S121,2025-12-30,0
S121,2025-12-31,96
S121,2026-01-01,112
S121,2026-01-02,55
S121,2026-01-03,18
S121,2026-01-04,0
S121,2026-01-05,35
S121,2026-01-06,22
S121,2026-01-07,0
S121,2026-01-08,33
S121,2026-01-09,102
S121,2026-01-10,72
S121,2026-01-11,0
S121,2026-01-12,0
S121,2026-01-13,102
S121,2026-01-14,0
S121,2026-01-15,58
S121,2026-01-16,59
S121,2026-01-17,0
S121,2026-01-18,0
S121,2026-01-19,22
S121,2026-01-20,106
S121,2026-01-21,91
S121,2026-01-22,11
S121,2026-01-23,17
S121,2026-01-24,47
S121,2026-01-25,0
S121,2026-01-26,60
S121,2026-01-27,0
S121,2026-01-28,0
S122,2025-10-31,93
S122,2025-11-01,107
S122,2025-11-02,0
S122,2025-11-03,93
S122,2025-11-04,0
S122,2025-11-05,0
S122,2025-11-06,103
S122,2025-11-07,0
S122,2025-11-08,0
S122,2025-11-09,67
S122,2025-11-10,0
S122,2025-11-11,89
S122,2025-11-12,0
S122,2025-11-13,115
S122,2025-11-14,20
S122,2025-11-15,73
S122,2025-11-16,0
S122,2025-11-17,96
S122,2025-11-18,0
S122,2025-11-19,11
S122,2025-11-20,0
S122,2025-11-21,0
S122,2025-11-22,0
S122,2025-11-23,32
S122,2025-11-24,0
S122,2025-11-25,105
S122,2025-11-26,0
S122,2025-11-27,24
S122,2025-11-28,12
S122,2025-11-29,23
S122,2025-11-30,0
S122,2025-12-01,111
S122,2025-12-02,0
S122,2025-12-03,0
S122,2025-12-04,36
S122,2025-12-05,0
S122,2025-12-06,0
S122,2025-12-07,0
S122,2025-12-08,0
S122,2025-12-09,21
S122,2025-12-10,74
S122,2025-12-11,12
S122,2025-12-12,35
S122,2025-12-13,46
S122,2025-12-14,67
S122,2025-12-15,0
S122,2025-12-16,60
S122,2025-12-17,37
S122,2025-12-18,26
S122,2025-12-19,0
S122,2025-12-20,0
S122,2025-12-21,107
S122,2025-12-22,0
S122,2025-12-23,0
S122,2025-12-24,0
S122,2025-12-25,87
S122,2025-12-26,0
S122,2025-12-27,112
S122,2025-12-28,77
S122,2025-12-29,68
S122,2025-12-30,80
S122,2025-12-31,19
S122,2026-01-01,64
S122,2026-01-02,0
S122,2026-01-03,0
S122,2026-01-04,0
S122,2026-01-05,106
S122,2026-01-06,29
S122,2026-01-07,30
S122,2026-01-08,0
S122,2026-01-09,108
S122,2026-01-10,34
S122,2026-01-11,0
S122,2026-01-12,0
S122,2026-01-13,58
S122,2026-01-14,34
S122,2026-01-15,103
S122,2026-01-16,116
S122,2026-01-17,0
S122,2026-01-18,63
S122,2026-01-19,67
S122,2026-01-20,53
S122,2026-01-21,0
S122,2026-01-22,42
S122,2026-01-23,0
S122,2026-01-24,0
S122,2026-01-25,102
S122,2026-01-26,0
S122,2026-01-27,91
S122,2026-01-28,88
S123,2025-10-31,58
S123,2025-11-01,0
S123,2025-11-02,0
S123,2025-11-03,17
S123,2025-11-04,0
S123,2025-11-05,71
S123,2025-11-06,118
S123,2025-11-07,116
S123,2025-11-08,0
S123,2025-11-09,112
S123,2025-11-10,58
S123,2025-11-11,38
S123,2025-11-12,41
S123,2025-11-13,108
S123,2025-11-14,76
S123,2025-11-15,0
S123,2025-11-16,57
S123,2025-11-17,110
S123,2025-11-18,63
S123,2025-11-19,68
S123,2025-11-20,55
S123,2025-11-21,103
S123,2025-11-22,59
S123,2025-11-23,54
S123,2025-11-24,85
S123,2025-11-25,71
S123,2025-11-26,104
S123,2025-11-27,117
S123,2025-11-28,96
S123,2025-11-29,72
S123,2025-11-30,109
S123,2025-12-01,19
S123,2025-12-02,0
S123,2025-12-03,91
S123,2025-12-04,82
S123,2025-12-05,114
S123,2025-12-06,23
S123,2025-12-07,0
S123,2025-12-08,118
S123,2025-12-09,24
S123,2025-12-10,19
S123,2025-12-11,0
S123,2025-12-12,83
S123,2025-12-13,0
S123,2025-12-14,81
S123,2025-12-15,111
S123,2025-12-16,87
S123,2025-12-17,96
S123,2025-12-18,0
S123,2025-12-19,18
S123,2025-12-20,67
S123,2025-12-21,0
S123,2025-12-22,31
S123,2025-12-23,68
S123,2025-12-24,0
S123,2025-12-25,77
S123,2025-12-26,27
S123,2025-12-27,35
S123,2025-12-28,116
S123,2025-12-29,114
S123,2025-12-30,85
S123,2025-12-31,82
S123,2026-01-01,101
S123,2026-01-02,86
S123,2026-01-03,36
S123,2026-01-04,69
S123,2026-01-05,46
S123,2026-01-06,69
S123,2026-01-07,77
S123,2026-01-08,55
S123,2026-01-09,62
S123,2026-01-10,65
S123,2026-01-11,81
S123,2026-01-12,87
S123,2026-01-13,47
S123,2026-01-14,108
S123,2026-01-15,89
S123,2026-01-16,57
S123,2026-01-17,89
S123,2026-01-18,52
S123,2026-01-19,117
S123,2026-01-20,82
S123,2026-01-21,32
S123,2026-01-22,96
S123,2026-01-23,117
S123,2026-01-24,97
S123,2026-01-25,100
S123,2026-01-26,103
S123,2026-01-27,114
S123,2026-01-28,113
S124,2025-10-31,22
S124,2025-11-01,0
S124,2025-11-02,30
S124,2025-11-03,0
S124,2025-11-04,68
S124,2025-11-05,0
S124,2025-11-06,0
S124,2025-11-07,0
S124,2025-11-08,38
S124,2025-11-09,38
S124,2025-11-10,0
S124,2025-11-11,69
S124,2025-11-12,0
S124,2025-11-13,0
S124,2025-11-14,0
S124,2025-11-15,0
S124,2025-11-16,0
S124,2025-11-17,0
S124,2025-11-18,62
S124,2025-11-19,98
S124,2025-11-20,45
S124,2025-11-21,12
S124,2025-11-22,0
S124,2025-11-23,24
S124,2025-11-24,0
S124,2025-11-25,0
S124,2025-11-26,0
S124,2025-11-27,19
S124,2025-11-28,28
S124,2025-11-29,40
S124,2025-11-30,0
S124,2025-12-01,75
S124,2025-12-02,0
S124,2025-12-03,67
S124,2025-12-04,15
S124,2025-12-05,45
S124,2025-12-06,14
S124,2025-12-07,101
S124,2025-12-08,16
S124,2025-12-09,91
S124,2025-12-10,0
S124,2025-12-11,57
S124,2025-12-12,35
S124,2025-12-13,0
S124,2025-12-14,0
S124,2025-12-15,117
S124,2025-12-16,48
S124,2025-12-17,0
S124,2025-12-18,25
S124,2025-12-19,19
S124,2025-12-20,117
S124,2025-12-21,0
S124,2025-12-22,72
S124,2025-12-23,104
S124,2025-12-24,23
S124,2025-12-25,0
S124,2025-12-26,59
S124,2025-12-27,46
S124,2025-12-28,68
S124,2025-12-29,0
S124,2025-12-30,45
S124,2025-12-31,68
S124,2026-01-01,71
S124,2026-01-02,0
S124,2026-01-03,24
S124,2026-01-04,13
S124,2026-01-05,73
S124,2026-01-06,45
S124,2026-01-07,0
S124,2026-01-08,0
S124,2026-01-09,55
S124,2026-01-10,26
S124,2026-01-11,80
S124,2026-01-12,0
S124,2026-01-13,0
S124,2026-01-14,65
S124,2026-01-15,0
S124,2026-01-16,15
S124,2026-01-17,0
S124,2026-01-18,0
S124,2026-01-19,100
S124,2026-01-20,0
S124,2026-01-21,81
S124,2026-01-22,23
S124,2026-01-23,0
S124,2026-01-24,0
S124,2026-01-25,102
S124,2026-01-26,0
S124,2026-01-27,0
S124,2026-01-28,19
S125,2025-10-31,0
S125,2025-11-01,74
S125,2025-11-02,0
S125,2025-11-03,57
S125,2025-11-04,0
S125,2025-11-05,0
S125,2025-11-06,82
S125,2025-11-07,22
S125,2025-11-08,42
S125,2025-11-09,0
S125,2025-11-10,0
S125,2025-11-11,0
S125,2025-11-12,92
S125,2025-11-13,10
S125,2025-11-14,56
S125,2025-11-15,0
S125,2025-11-16,34
S125,2025-11-17,109
S125,2025-11-18,69
S125,2025-11-19,0
S125,2025-11-20,47
S125,2025-11-21,38
S125,2025-11-22,94
S125,2025-11-23,46
S125,2025-11-24,0
S125,2025-11-25,0
S125,2025-11-26,26
S125,2025-11-27,93
S125,2025-11-28,29
S125,2025-11-29,13
S125,2025-11-30,0
S125,2025-12-01,24
S125,2025-12-02,0
S125,2025-12-03,29
S125,2025-12-04,68
S125,2025-12-05,0
S125,2025-12-06,109
S125,2025-12-07,18
S125,2025-12-08,120
S125,2025-12-09,0
S125,2025-12-10,0
S125,2025-12-11,105
S125,2025-12-12,59
S125,2025-12-13,95
S125,2025-12-14,19
S125,2025-12-15,0
S125,2025-12-16,75
S125,2025-12-17,40
S125,2025-12-18,76
S125,2025-12-19,0
S125,2025-12-20,44
S125,2025-12-21,97
S125,2025-12-22,30
S125,2025-12-23,118
S125,2025-12-24,51
S125,2025-12-25,48
S125,2025-12-26,96
S125,2025-12-27,0
S125,2025-12-28,0
S125,2025-12-29,0
S125,2025-12-30,80
S125,2025-12-31,98
S125,2026-01-01,0
S125,2026-01-02,0
S125,2026-01-03,119
S125,2026-01-04,31
S125,2026-01-05,0
S125,2026-01-06,0
S125,2026-01-07,0
S125,2026-01-08,90
S125,2026-01-09,79
S125,2026-01-10,0
S125,2026-01-11,70
S125,2026-01-12,28
S125,2026-01-13,89
S125,2026-01-14,70
S125,2026-01-15,37
S125,2026-01-16,109
S125,2026-01-17,0
S125,2026-01-18,0
S125,2026-01-19,30
S125,2026-01-20,0
S125,2026-01-21,0
S125,2026-01-22,25
S125,2026-01-23,0
S125,2026-01-24,116
S125,2026-01-25,87
S125,2026-01-26,86
S125,2026-01-27,101
S125,2026-01-28,33
S126,2025-10-31,111
S126,2025-11-01,74
S126,2025-11-02,0
S126,2025-11-03,0
S126,2025-11-04,31
S126,2025-11-05,0
S126,2025-11-06,46
S126,2025-11-07,94
S126,2025-11-08,119
S126,2025-11-09,75
S126,2025-11-10,25
S126,2025-11-11,16
S126,2025-11-12,75
S126,2025-11-13,92
S126,2025-11-14,0
S126,2025-11-15,0
S126,2025-11-16,97
S126,2025-11-17,28
S126,2025-11-18,35
S126,2025-11-19,50
S126,2025-11-20,0
S126,2025-11-21,117
S126,2025-11-22,40
S126,2025-11-23,14
S126,2025-11-24,0
S126,2025-11-25,0
S126,2025-11-26,47
S126,2025-11-27,0
S126,2025-11-28,26
S126,2025-11-29,13
S126,2025-11-30,0
S126,2025-12-01,30
S126,2025-12-02,27
S126,2025-12-03,87
S126,2025-12-04,41
S126,2025-12-05,0
S126,2025-12-06,14
S126,2025-12-07,37
S126,2025-12-08,97
S126,2025-12-09,95
S126,2025-12-10,0
S126,2025-12-11,0
S126,2025-12-12,111
S126,2025-12-13,32
S126,2025-12-14,62
S126,2025-12-15,40
S126,2025-12-16,103
S126,2025-12-17,45
S126,2025-12-18,47
S126,2025-12-19,111
S126,2025-12-20,38
S126,2025-12-21,77
S126,2025-12-22,105
S126,2025-12-23,0
S126,2025-12-24,0
S126,2025-12-25,58
S126,2025-12-26,0
S126,2025-12-27,77
S126,2025-12-28,12
S126,2025-12-29,0
S126,2025-12-30,67
S126,2025-12-31,112
S126,2026-01-01,65
S126,2026-01-02,87
S126,2026-01-03,35
S126,2026-01-04,85
S126,2026-01-05,82
S126,2026-01-06,55
S126,2026-01-07,73
S126,2026-01-08,0
S126,2026-01-09,104
S126,2026-01-10,0
S126,2026-01-11,105
S126,2026-01-12,63
S126,2026-01-13,0
S126,2026-01-14,66
S126,2026-01-15,0
S126,2026-01-16,0
S126,2026-01-17,58
S126,2026-01-18,88
S126,2026-01-19,60
S126,2026-01-20,56
S126,2026-01-21,99
S126,2026-01-22,95
S126,2026-01-23,83
S126,2026-01-24,38
S126,2026-01-25,40
S126,2026-01-26,0
S126,2026-01-27,90
S126,2026-01-28,96
S127,2025-10-31,54
S127,2025-11-01,118
S127,2025-11-02,85
S127,2025-11-03,47
S127,2025-11-04,103
S127,2025-11-05,96
S127,2025-11-06,78
S127,2025-11-07,0
S127,2025-11-08,57
S127,2025-11-09,113
S127,2025-11-10,111
S127,2025-11-11,0
S127,2025-11-12,0
S127,2025-11-13,0
S127,2025-11-14,0
S127,2025-11-15,67
S127,2025-11-16,74
S127,2025-11-17,104
S127,2025-11-18,62
S127,2025-11-19,100
S127,2025-11-20,97
S127,2025-11-21,14
S127,2025-11-22,0
S127,2025-11-23,0
S127,2025-11-24,0
S127,2025-11-25,0
S127,2025-11-26,113
S127,2025-11-27,77
S127,2025-11-28,43
S127,2025-11-29,10
S127,2025-11-30,48
S127,2025-12-01,35
S127,2025-12-02,77
S127,2025-12-03,77
S127,2025-12-04,25
S127,2025-12-05,65
S127,2025-12-06,89
S127,2025-12-07,106
S127,2025-12-08,21
S127,2025-12-09,109
S127,2025-12-10,0
S127,2025-12-11,47
S127,2025-12-12,53
S127,2025-12-13,0
S127,2025-12-14,60
S127,2025-12-15,0
S127,2025-12-16,47
S127,2025-12-17,0
S127,2025-12-18,68
S127,2025-12-19,117
S127,2025-12-20,57
S127,2025-12-21,46
S127,2025-12-22,30
S127,2025-12-23,63
S127,2025-12-24,91
S127,2025-12-25,66
S127,2025-12-26,119
S127,2025-12-27,0
S127,2025-12-28,108
S127,2025-12-29,0
S127,2025-12-30,0
S127,2025-12-31,0
S127,2026-01-01,86
S127,2026-01-02,0
S127,2026-01-03,42
S127,2026-01-04,29
S127,2026-01-05,114
S127,2026-01-06,0
S127,2026-01-07,13
S127,2026-01-08,0
S127,2026-01-09,47
S127,2026-01-10,95
S127,2026-01-11,0
S127,2026-01-12,100
S127,2026-01-13,0
S127,2026-01-14,52
S127,2026-01-15,81
S127,2026-01-16,71
S127,2026-01-17,89
S127,2026-01-18,35
S127,2026-01-19,0
S127,2026-01-20,41
S127,2026-01-21,115
S127,2026-01-22,0
S127,2026-01-23,0
S127,2026-01-24,56
S127,2026-01-25,55
S127,2026-01-26,0
S127,2026-01-27,31
S127,2026-01-28,29
S128,2025-10-31,0
S128,2025-11-01,0
S128,2025-11-02,13
S128,2025-11-03,0
S128,2025-11-04,87
S128,2025-11-05,0
S128,2025-11-06,96
S128,2025-11-07,63
S128,2025-11-08,0
S128,2025-11-09,53
S128,2025-11-10,53
S128,2025-11-11,117
S128,2025-11-12,0
S128,2025-11-13,0
S128,2025-11-14,0
S128,2025-11-15,62
S128,2025-11-16,0
S128,2025-11-17,0
S128,2025-11-18,120
S128,2025-11-19,50
S128,2025-11-20,85
S128,2025-11-21,0
S128,2025-11-22,0
S128,2025-11-23,0
S128,2025-11-24,109
S128,2025-11-25,0
S128,2025-11-26,12
S128,2025-11-27,14
S128,2025-11-28,28
S128,2025-11-29,94
S128,2025-11-30,77
S128,2025-12-01,0
S128,2025-12-02,0
S128,2025-12-03,0
S128,2025-12-04,82
S128,2025-12-05,0
S128,2025-12-06,97
S128,2025-12-07,107
S128,2025-12-08,0
S128,2025-12-09,0
S128,2025-12-10,66
S128,2025-12-11,60
S128,2025-12-12,96
S128,2025-12-13,73
S128,2025-12-14,26
S128,2025-12-15,0
S128,2025-12-16,57
S128,2025-12-17,0
S128,2025-12-18,0
S128,2025-12-19,44
S128,2025-12-20,77
S128,2025-12-21,0
S128,2025-12-22,94
S128,2025-12-23,100
S128,2025-12-24,53
S128,2025-12-25,0
S128,2025-12-26,94
S128,2025-12-27,73
S128,2025-12-28,83
S128,2025-12-29,0
S128,2025-12-30,43
S128,2025-12-31,90
S128,2026-01-01,0
S128,2026-01-02,0
S128,2026-01-03,39
S128,2026-01-04,105
S128,2026-01-05,19
S128,2026-01-06,0
S128,2026-01-07,43
S128,2026-01-08,99
S128,2026-01-09,31
S128,2026-01-10,0
S128,2026-01-11,0
S128,2026-01-12,93
S128,2026-01-13,117
S128,2026-01-14,0
S128,2026-01-15,0
S128,2026-01-16,94
S128,2026-01-17,31
S128,2026-01-18,87
S128,2026-01-19,0
S128,2026-01-20,0
S128,2026-01-21,0
S128,2026-01-22,0
S128,2026-01-23,85
S128,2026-01-24,0
S128,2026-01-25,51
S128,2026-01-26,0
S128,2026-01-27,0
S128,2026-01-28,39
S129,2025-10-31,117
S129,2025-11-01,0
S129,2025-11-02,30
S129,2025-11-03,110
S129,2025-11-04,0
S129,2025-11-05,0
S129,2025-11-06,0
S129,2025-11-07,17
S129,2025-11-08,0
S129,2025-11-09,80
S129,2025-11-10,0
S129,2025-11-11,75
S129,2025-11-12,73
S129,2025-11-13,49
S129,2025-11-14,32
S129,2025-11-15,0
S129,2025-11-16,111
S129,2025-11-17,0
S129,2025-11-18,0
S129,2025-11-19,111
S129,2025-11-20,74
S129,2025-11-21,0
S129,2025-11-22,119
S129,2025-11-23,10
S129,2025-11-24,73
S129,2025-11-25,40
S129,2025-11-26,45
S129,2025-11-27,0
S129,2025-11-28,35
S129,2025-11-29,0
S129,2025-11-30,22
S129,2025-12-01,0
S129,2025-12-02,58
S129,2025-12-03,0
S129,2025-12-04,91
S129,2025-12-05,39
S129,2025-12-06,53
S129,2025-12-07,23
S129,2025-12-08,104
S129,2025-12-09,19
S129,2025-12-10,32
S129,2025-12-11,71
S129,2025-12-12,0
S129,2025-12-13,110
S129,2025-12-14,0
S129,2025-12-15,0
S129,2025-12-16,94
S129,2025-12-17,0
S129,2025-12-18,45
S129,2025-12-19,84
S129,2025-12-20,38
S129,2025-12-21,110
S129,2025-12-22,20
S129,2025-12-23,0
S129,2025-12-24,95
S129,2025-12-25,0
S129,2025-12-26,52
S129,2025-12-27,112
S129,2025-12-28,119
S129,2025-12-29,116
S129,2025-12-30,53
S129,2025-12-31,0
S129,2026-01-01,15
S129,2026-01-02,0
S129,2026-01-03,0
S129,2026-01-04,0
S129,2026-01-05,0
S129,2026-01-06,68
S129,2026-01-07,0
S129,2026-01-08,35
S129,2026-01-09,95
S129,2026-01-10,0
S129,2026-01-11,0
S129,2026-01-12,11
S129,2026-01-13,0
S129,2026-01-14,80
S129,2026-01-15,120
S129,2026-01-16,53
S129,2026-01-17,0
S129,2026-01-18,82
S129,2026-01-19,31
S129,2026-01-20,105
S129,2026-01-21,62
S129,2026-01-22,0
S129,2026-01-23,24
S129,2026-01-24,92
S129,2026-01-25,16
S129,2026-01-26,0
S129,2026-01-27,76
S129,2026-01-28,66
S130,2025-10-31,99
S130,2025-11-01,101
S130,2025-11-02,57
S130,2025-11-03,91
S130,2025-11-04,106
S130,2025-11-05,0
S130,2025-11-06,0
S130,2025-11-07,73
S130,2025-11-08,92
S130,2025-11-09,49
S130,2025-11-10,79
S130,2025-11-11,118
S130,2025-11-12,115
S130,2025-11-13,90
S130,2025-11-14,0
S130,2025-11-15,57
S130,2025-11-16,54
S130,2025-11-17,0
S130,2025-11-18,116
S130,2025-11-19,69
S130,2025-11-20,88
S130,2025-11-21,16
S130,2025-11-22,0
S130,2025-11-23,90
S130,2025-11-24,57
S130,2025-11-25,65
S130,2025-11-26,45
S130,2025-11-27,0
S130,2025-11-28,42
S130,2025-11-29,48
S130,2025-11-30,0
S130,2025-12-01,96
S130,2025-12-02,37
S130,2025-12-03,114
S130,2025-12-04,114
S130,2025-12-05,99
S130,2025-12-06,0
S130,2025-12-07,42
S130,2025-12-08,60
S130,2025-12-09,68
S130,2025-12-10,113
S130,2025-12-11,85
S130,2025-12-12,0
S130,2025-12-13,91
S130,2025-12-14,120
S130,2025-12-15,0
S130,2025-12-16,75
S130,2025-12-17,0
S130,2025-12-18,0
S130,2025-12-19,88
S130,2025-12-20,0
S130,2025-12-21,70
S130,2025-12-22,104
S130,2025-12-23,62
S130,2025-12-24,100
S130,2025-12-25,0
S130,2025-12-26,0
S130,2025-12-27,0
S130,2025-12-28,0
S130,2025-12-29,41
S130,2025-12-30,0
S130,2025-12-31,83
S130,2026-01-01,115
S130,2026-01-02,98
S130,2026-01-03,0
S130,2026-01-04,120
S130,2026-01-05,79
S130,2026-01-06,55
S130,2026-01-07,105
S130,2026-01-08,0
S130,2026-01-09,112
S130,2026-01-10,41
S130,2026-01-11,48
S130,2026-01-12,10
S130,2026-01-13,47
S130,2026-01-14,106
S130,2026-01-15,0
S130,2026-01-16,106
S130,2026-01-17,79
S130,2026-01-18,57
S130,2026-01-19,79
S130,2026-01-20,87
S130,2026-01-21,46
S130,2026-01-22,0
S130,2026-01-23,0
S130,2026-01-24,95
S130,2026-01-25,0
S130,2026-01-26,62
S130,2026-01-27,45
S130,2026-01-28,16
S131,2025-10-31,59
S131,2025-11-01,0
S131,2025-11-02,81
S131,2025-11-03,110
S131,2025-11-04,99
S131,2025-11-05,100
S131,2025-11-06,88
S131,2025-11-07,0
S131,2025-11-08,0
S131,2025-11-09,118
S131,2025-11-10,0
S131,2025-11-11,112
S131,2025-11-12,117
S131,2025-11-13,17
S131,2025-11-14,108
S131,2025-11-15,12
S131,2025-11-16,61
S131,2025-11-17,0
S131,2025-11-18,96
S131,2025-11-19,66
S131,2025-11-20,48
S131,2025-11-21,0
S131,2025-11-22,0
S131,2025-11-23,0
S131,2025-11-24,61
S131,2025-11-25,75
S131,2025-11-26,79
S131,2025-11-27,27
S131,2025-11-28,36
S131,2025-11-29,79
S131,2025-11-30,0
S131,2025-12-01,79
S131,2025-12-02,0
S131,2025-12-03,0
S131,2025-12-04,53
S131,2025-12-05,120
S131,2025-12-06,44
S131,2025-12-07,0
S131,2025-12-08,32
S131,2025-12-09,88
S131,2025-12-10,109
S131,2025-12-11,69
S131,2025-12-12,0
S131,2025-12-13,25
S131,2025-12-14,100
S131,2025-12-15,82
S131,2025-12-16,55
S131,2025-12-17,111
S131,2025-12-18,59
S131,2025-12-19,45
S131,2025-12-20,51
S131,2025-12-21,45
S131,2025-12-22,0
S131,2025-12-23,117
S131,2025-12-24,73
S131,2025-12-25,70
S131,2025-12-26,89
S131,2025-12-27,115
S131,2025-12-28,56
S131,2025-12-29,0
S131,2025-12-30,26
S131,2025-12-31,10
S131,2026-01-01,71
S131,2026-01-02,0
S131,2026-01-03,29
S131,2026-01-04,58
S131,2026-01-05,113
S131,2026-01-06,24
S131,2026-01-07,50
S131,2026-01-08,77
S131,2026-01-09,22
S131,2026-01-10,0
S131,2026-01-11,114
S131,2026-01-12,68
S131,2026-01-13,67
S131,2026-01-14,0
S131,2026-01-15,98
S131,2026-01-16,85
S131,2026-01-17,39
S131,2026-01-18,88
S131,2026-01-19,0
S131,2026-01-20,99
S131,2026-01-21,63
S131,2026-01-22,45
S131,2026-01-23,63
S131,2026-01-24,51
S131,2026-01-25,70
S131,2026-01-26,0
S131,2026-01-27,12
S131,2026-01-28,0
S132,2025-10-31,0
S132,2025-11-01,0
S132,2025-11-02,115
S132,2025-11-03,87
S132,2025-11-04,106
S132,2025-11-05,0
S132,2025-11-06,68
S132,2025-11-07,83
S132,2025-11-08,112
S132,2025-11-09,0
S132,2025-11-10,38
S132,2025-11-11,74
S132,2025-11-12,73
S132,2025-11-13,70
S132,2025-11-14,0
S132,2025-11-15,39
S132,2025-11-16,97
S132,2025-11-17,74
S132,2025-11-18,47
S132,2025-11-19,87
S132,2025-11-20,0
S132,2025-11-21,93
S132,2025-11-22,117
S132,2025-11-23,85
S132,2025-11-24,98
S132,2025-11-25,113
S132,2025-11-26,71
S132,2025-11-27,52
S132,2025-11-28,19
S132,2025-11-29,57
S132,2025-11-30,107
S132,2025-12-01,0
S132,2025-12-02,17
S132,2025-12-03,0
S132,2025-12-04,85
S132,2025-12-05,74
S132,2025-12-06,65
S132,2025-12-07,120
S132,2025-12-08,55
S132,2025-12-09,11
S132,2025-12-10,47
S132,2025-12-11,95
S132,2025-12-12,112
S132,2025-12-13,69
S132,2025-12-14,74
S132,2025-12-15,55
S132,2025-12-16,35
S132,2025-12-17,32
S132,2025-12-18,100
S132,2025-12-19,96
S132,2025-12-20,0
S132,2025-12-21,33
S132,2025-12-22,75
S132,2025-12-23,23
S132,2025-12-24,48
S132,2025-12-25,0
S132,2025-12-26,79
S132,2025-12-27,116
S132,2025-12-28,0
S132,2025-12-29,75
S132,2025-12-30,54
S132,2025-12-31,65
S132,2026-01-01,32
S132,2026-01-02,0
S132,2026-01-03,0
S132,2026-01-04,73
S132,2026-01-05,0
S132,2026-01-06,90
S132,2026-01-07,78
S132,2026-01-08,0
S132,2026-01-09,105
S132,2026-01-10,116
S132,2026-01-11,115
S132,2026-01-12,114
S132,2026-01-13,27
S132,2026-01-14,107
S132,2026-01-15,0
S132,2026-01-16,47
S132,2026-01-17,54
S132,2026-01-18,71
S132,2026-01-19,0
S132,2026-01-20,0
S132,2026-01-21,35
S132,2026-01-22,0
S132,2026-01-23,77
S132,2026-01-24,106
S132,2026-01-25,0
S132,2026-01-26,10
S132,2026-01-27,116
S132,2026-01-28,120
S133,2025-10-31,69
S133,2025-11-01,101
S133,2025-11-02,0
S133,2025-11-03,56
S133,2025-11-04,0
S133,2025-11-05,45
S133,2025-11-06,0
S133,2025-11-07,14
S133,2025-11-08,83
S133,2025-11-09,67
S133,2025-11-10,112
S133,2025-11-11,30
S133,2025-11-12,0
S133,2025-11-13,110
S133,2025-11-14,103
S133,2025-11-15,51
S133,2025-11-16,26
S133,2025-11-17,119
S133,2025-11-18,78
S133,2025-11-19,77
S133,2025-11-20,70
S133,2025-11-21,32
S133,2025-11-22,85
S133,2025-11-23,43
S133,2025-11-24,54
S133,2025-11-25,59
S133,2025-11-26,0
S133,2025-11-27,0
S133,2025-11-28,0
S133,2025-11-29,104
S133,2025-11-30,53
S133,2025-12-01,0
S133,2025-12-02,117
S133,2025-12-03,80
S133,2025-12-04,0
S133,2025-12-05,0
S133,2025-12-06,0
S133,2025-12-07,13
S133,2025-12-08,22
S133,2025-12-09,50
S133,2025-12-10,70
S133,2025-12-11,0
S133,2025-12-12,47
S133,2025-12-13,96
S133,2025-12-14,118
S133,2025-12-15,104
S133,2025-12-16,0
S133,2025-12-17,109
S133,2025-12-18,96
S133,2025-12-19,120
S133,2025-12-20,0
S133,2025-12-21,116
S133,2025-12-22,112
S133,2025-12-23,0
S133,2025-12-24,54
S133,2025-12-25,101
S133,2025-12-26,110
S133,2025-12-27,94
S133,2025-12-28,0
S133,2025-12-29,60
S133,2025-12-30,0
S133,2025-12-31,86
S133,2026-01-01,66
S133,2026-01-02,112
S133,2026-01-03,63
S133,2026-01-04,110
S133,2026-01-05,83
S133,2026-01-06,117
S133,2026-01-07,25
S133,2026-01-08,98
S133,2026-01-09,0
S133,2026-01-10,30
S133,2026-01-11,55
S133,2026-01-12,83
S133,2026-01-13,112
S133,2026-01-14,41
S133,2026-01-15,74
S133,2026-01-16,35
S133,2026-01-17,105
S133,2026-01-18,43
S133,2026-01-19,53
S133,2026-01-20,0
S133,2026-01-21,49
S133,2026-01-22,106
S133,2026-01-23,113
S133,2026-01-24,96
S133,2026-01-25,0
S133,2026-01-26,49
S133,2026-01-27,103
S133,2026-01-28,0
S134,2025-10-31,53
S134,2025-11-01,0
S134,2025-11-02,71
S134,2025-11-03,54
S134,2025-11-04,0
S134,2025-11-05,0
S134,2025-11-06,105
S134,2025-11-07,0
S134,2025-11-08,0
S134,2025-11-09,0
S134,2025-11-10,114
S134,2025-11-11,34
S134,2025-11-12,13
S134,2025-11-13,41
S134,2025-11-14,0
S134,2025-11-15,19
S134,2025-11-16,78
S134,2025-11-17,0
S134,2025-11-18,0
S134,2025-11-19,0
S134,2025-11-20,0
S134,2025-11-21,85
S134,2025-11-22,0
S134,2025-11-23,40
S134,2025-11-24,0
S134,2025-11-25,0
S134,2025-11-26,13
S134,2025-11-27,0
S134,2025-11-28,70
S134,2025-11-29,0
S134,2025-11-30,15
S134,2025-12-01,0
S134,2025-12-02,30
S134,2025-12-03,28
S134,2025-12-04,54
S134,2025-12-05,100
S134,2025-12-06,0
S134,2025-12-07,115
S134,2025-12-08,19
S134,2025-12-09,75
S134,2025-12-10,0
S134,2025-12-11,0
S134,2025-12-12,81
S134,2025-12-13,35
S134,2025-12-14,116
S134,2025-12-15,0
S134,2025-12-16,73
S134,2025-12-17,0
S134,2025-12-18,0
S134,2025-12-19,50
S134,2025-12-20,79
S134,2025-12-21,0
S134,2025-12-22,81
S134,2025-12-23,0
S134,2025-12-24,0
S134,2025-12-25,10
S134,2025-12-26,43
S134,2025-12-27,0
S134,2025-12-28,0
S134,2025-12-29,0
S134,2025-12-30,81
S134,2025-12-31,73
S134,2026-01-01,0
S134,2026-01-02,0
S134,2026-01-03,70
S134,2026-01-04,0
S134,2026-01-05,21
S134,2026-01-06,65
S134,2026-01-07,0
S134,2026-01-08,102
S134,2026-01-09,0
S134,2026-01-10,78
S134,2026-01-11,44
S134,2026-01-12,59
S134,2026-01-13,44
S134,2026-01-14,0
S134,2026-01-15,103
S134,2026-01-16,31
S134,2026-01-17,0
S134,2026-01-18,96
S134,2026-01-19,30
S134,2026-01-20,0
S134,2026-01-21,41
S134,2026-01-22,0
S134,2026-01-23,0
S134,2026-01-24,113
S134,2026-01-25,31
S134,2026-01-26,26
S134,2026-01-27,33
S134,2026-01-28,0
