student_id,login_time
S110,2025-10-11T18:46
S110,2025-10-12T07:41
S110,2025-10-16T20:17
S110,2025-10-17T19:34
S110,2025-10-23T20:23
S110,2025-10-24T08:29
S110,2025-10-25T20:05
S110,2025-10-26T09:15
S110,2025-10-28T21:51
S110,2025-10-30T20:08
S110,2025-10-31T21:20
S110,2025-11-01T09:01
S110,2025-11-02T09:01
S110,2025-11-04T09:17
S110,2025-11-06T20:19
S110,2025-11-07T08:09
S110,2025-11-08T07:01
S110,2025-11-11T07:53
S110,2025-11-12T07:35
S110,2025-11-14T21:13
S110,2025-11-15T07:45
S110,2025-11-18T20:45
S110,2025-11-21T19:51
S110,2025-11-24T09:34
S110,2025-11-25T07:05
S110,2025-11-26T07:12
S110,2025-11-28T19:33
S110,2025-12-01T19:33
S110,2025-12-03T18:24
S110,2025-12-06T21:03
S110,2025-12-07T19:59
S110,2025-12-08T18:31
S110,2025-12-09T18:12
S110,2025-12-10T21:13
S110,2025-12-11T18:17
S110,2025-12-13T19:59
S110,2025-12-14T21:05
S110,2025-12-16T19:42
S110,2025-12-20T20:01
S110,2025-12-21T18:22
S110,2025-12-22T09:30
S110,2025-12-24T09:04
S110,2025-12-25T09:33
S110,2025-12-27T08:24
S110,2025-12-28T08:10
S110,2025-12-29T08:30
S110,2025-12-31T21:08
S110,2026-01-03T21:18
S110,2026-01-05T07:34
S110,2026-01-06T19:08
S110,2026-01-11T18:45
S110,2026-01-12T09:06
S110,2026-01-13T18:32
S110,2026-01-14T18:03
S110,2026-01-15T21:39
S110,2026-01-16T07:36
S110,2026-01-17T21:59
S110,2026-01-18T18:28
S110,2026-01-21T18:35
S110,2026-01-24T18:37
S110,2026-01-28T21:49
S111,2025-10-11T09:45
S111,2025-10-17T07:55
S111,2025-10-20T19:34
S111,2025-10-21T08:31
S111,2025-10-23T20:54
S111,2025-10-25T21:48
S111,2025-10-26T18:40
S111,2025-10-27T21:17
S111,2025-11-01T19:12
S111,2025-11-05T20:20
S111,2025-11-07T20:07
S111,2025-11-21T20:39
S111,2025-11-23T20:06
S111,2025-12-01T21:43
S111,2025-12-03T09:21
S111,2025-12-07T20:42
S111,2025-12-08T07:21
S111,2025-12-10T18:28
S111,2025-12-11T19:17
S111,2025-12-12T08:28
S111,2025-12-16T19:14
S111,2025-12-20T18:26
S111,2025-12-21T08:30
S111,2025-12-22T21:50
S111,2025-12-25T21:23
S111,2025-12-26T18:12
S111,2025-12-27T20:42
S111,2025-12-29T19:32
S111,2026-01-02T09:53
S111,2026-01-03T09:22
S111,2026-01-08T19:29
S111,2026-01-11T21:43
S111,2026-01-18T21:24
S111,2026-01-21T19:46
S111,2026-01-27T08:57
S111,2026-01-28T07:43
S112,2025-10-10T09:54
S112,2025-10-11T18:13
S112,2025-10-13T08:15
S112,2025-10-17T20:30
S112,2025-10-18T08:24
S112,2025-10-21T19:05
S112,2025-10-23T18:08
S112,2025-10-25T19:35
S112,2025-10-27T09:19
S112,2025-10-28T08:57
S112,2025-10-29T09:56
S112,2025-10-30T19:03
S112,2025-11-02T08:32
S112,2025-11-03T09:06
S112,2025-11-07T20:14
S112,2025-11-08T08:31
S112,2025-11-10T09:19
S112,2025-11-12T21:47
S112,2025-11-14T21:20
S112,2025-11-16T08:25
S112,2025-11-18T18:55
S112,2025-11-25T20:56
S112,2025-11-27T19:57
S112,2025-11-28T19:17
S112,2025-11-29T19:02
S112,2025-11-30T21:25
S112,2025-12-04T19:23
S112,2025-12-05T07:18
S112,2025-12-06T09:24
S112,2025-12-07T19:11
S112,2025-12-08T07:40
S112,2025-12-09T07:49
S112,2025-12-10T19:03
S112,2025-12-16T21:41
S112,2025-12-19T07:06
S112,2025-12-20T20:54
S112,2025-12-22T07:16
S112,2025-12-25T19:33
S112,2025-12-26T18:57
S112,2025-12-27T09:40
S112,2025-12-28T21:21
S112,2025-12-29T07:16
S112,2025-12-31T08:05
S112,2026-01-01T20:05
S112,2026-01-02T08:00
S112,2026-01-04T08:20
S112,2026-01-05T19:01
S112,2026-01-08T20:47
S112,2026-01-10T07:01
S112,2026-01-11T08:33
S112,2026-01-12T09:38
S112,2026-01-13T20:11
S112,2026-01-15T21:39
S112,2026-01-16T20:59
S112,2026-01-19T09:09
S112,2026-01-21T09:50
S112,2026-01-25T21:48
S112,2026-01-26T21:20
S112,2026-01-27T18:25
S112,2026-01-28T21:03
S113,2025-10-09T19:52
S113,2025-10-10T20:51
S113,2025-10-14T20:35
S113,2025-10-15T18:16
S113,2025-10-18T21:08
S113,2025-10-19T09:59
S113,2025-10-20T19:14
S113,2025-10-22T08:50
S113,2025-10-23T07:05
S113,2025-10-24T09:26
S113,2025-10-27T21:58
S113,2025-10-30T09:33
S113,2025-10-31T20:37
S113,2025-11-01T20:35
S113,2025-11-06T19:07
S113,2025-11-08T20:34
S113,2025-11-09T09:29
S113,2025-11-12T21:13
S113,2025-11-15T09:19
S113,2025-11-17T07:24
S113,2025-11-18T20:25
S113,2025-11-19T20:22
S113,2025-11-22T20:47
S113,2025-11-23T07:18
S113,2025-11-25T20:50
S113,2025-11-28T09:41
S113,2025-11-30T09:08
S113,2025-12-04T18:19
S113,2025-12-06T19:06
S113,2025-12-07T20:08
S113,2025-12-08T09:59
S113,2025-12-10T21:56
S113,2025-12-13T18:18
S113,2025-12-15T21:51
S113,2025-12-18T20:55
S113,2025-12-20T20:52
S113,2025-12-21T19:35
S113,2025-12-23T07:29
S113,2025-12-24T07:32
S113,2025-12-25T18:24
S113,2025-12-27T20:10
S113,2025-12-28T19:34
S113,2025-12-31T07:58
S113,2026-01-01T20:29
S113,2026-01-02T07:03
S113,2026-01-03T09:03
S113,2026-01-04T18:07
S113,2026-01-08T08:40
S113,2026-01-10T19:45
S113,2026-01-13T20:40
S113,2026-01-15T21:54
S113,2026-01-17T19:48
S113,2026-01-18T20:11
S113,2026-01-20T09:10
S113,2026-01-22T20:49
S113,2026-01-25T19:20
S113,2026-01-26T19:47
S113,2026-01-27T18:36
S113,2026-01-28T09:43
S114,2025-10-09T09:42
S114,2025-10-27T07:54
S114,2025-10-29T19:14
S114,2025-11-07T08:36
S114,2025-11-08T19:48
S114,2025-11-11T21:30
S114,2025-11-12T07:22
S114,2025-11-13T07:37
S114,2025-11-17T18:20
S114,2025-11-19T20:42
S114,2025-11-20T08:35
S114,2025-11-22T09:44
S114,2025-11-23T21:08
S114,2025-11-24T19:37
S114,2025-11-25T08:29
S114,2025-11-26T18:43
S114,2025-12-01T08:31
S114,2025-12-04T09:02
S114,2025-12-06T18:43
S114,2025-12-13T21:40
S114,2025-12-14T21:22
S114,2025-12-25T09:47
S114,2025-12-27T08:58
S114,2025-12-28T07:53
S114,2025-12-29T18:59
S114,2026-01-01T07:23
S114,2026-01-05T21:33
S114,2026-01-08T18:36
S114,2026-01-09T21:03
S114,2026-01-16T19:55
S114,2026-01-22T07:00
S114,2026-01-24T21:19
S114,2026-01-26T09:28
S114,2026-01-27T08:59
S115,2025-10-09T09:58
S115,2025-10-10T19:12
S115,2025-10-13T21:45
S115,2025-10-19T19:30
S115,2025-10-20T21:15
S115,2025-10-22T08:31
S115,2025-10-25T20:28
S115,2025-10-26T20:42
S115,2025-10-27T09:53
S115,2025-10-30T08:41
S115,2025-10-31T20:20
S115,2025-11-01T18:01
S115,2025-11-03T07:23
S115,2025-11-05T09:55
S115,2025-11-06T20:56
S115,2025-11-11T20:46
S115,2025-11-13T09:18
S115,2025-11-14T08:07
S115,2025-11-20T08:48
S115,2025-11-21T21:29
S115,2025-11-23T21:02
S115,2025-11-26T07:35
S115,2025-11-29T07:36
S115,2025-12-02T07:14
S115,2025-12-05T19:12
S115,2025-12-07T19:59
S115,2025-12-10T07:00
S115,2025-12-11T18:34
S115,2025-12-15T08:39
S115,2025-12-19T21:08
S115,2025-12-22T08:45
S115,2025-12-24T20:03
S115,2025-12-27T20:30
S115,2025-12-30T20:10
S115,2026-01-03T09:07
S115,2026-01-06T09:13
S115,2026-01-13T18:12
S115,2026-01-23T19:31
S115,2026-01-24T08:44
S115,2026-01-26T19:18
S115,2026-01-27T09:37
S115,2026-01-28T08:39
S116,2025-10-10T18:39
S116,2025-10-12T20:53
S116,2025-10-15T07:35
S116,2025-10-18T19:59
S116,2025-10-19T09:34
S116,2025-10-20T19:56
S116,2025-10-21T07:53
S116,2025-10-25T20:09
S116,2025-10-26T19:43
S116,2025-10-27T21:52
S116,2025-10-30T08:45
S116,2025-11-08T19:36
S116,2025-11-10T20:23
S116,2025-11-12T08:21
S116,2025-11-16T07:35
S116,2025-11-20T20:09
S116,2025-11-22T09:24
S116,2025-11-23T09:46
S116,2025-12-02T20:16
S116,2025-12-05T18:53
S116,2025-12-15T18:23
S116,2025-12-16T19:42
S116,2025-12-21T07:35
S116,2025-12-22T08:59
S116,2025-12-24T08:37
S116,2025-12-25T07:19
S116,2025-12-26T21:27
S116,2025-12-29T21:16
S116,2026-01-02T18:57
S116,2026-01-07T18:26
S116,2026-01-10T20:52
S116,2026-01-12T08:58
S116,2026-01-22T21:29
S116,2026-01-25T07:33
S116,2026-01-28T19:05
S117,2025-10-09T18:41
S117,2025-10-10T21:42
S117,2025-10-12T19:23
S117,2025-10-23T08:59
S117,2025-10-24T08:54
S117,2025-10-25T09:21
S117,2025-10-31T19:26
S117,2025-11-04T07:28
S117,2025-11-10T09:43
S117,2025-11-15T19:44
S117,2025-11-16T08:35
S117,2025-11-20T07:53
S117,2025-11-24T21:26
S117,2025-11-27T08:50
S117,2025-12-02T07:31
S117,2025-12-03T07:28
S117,2025-12-04T21:48
S117,2025-12-05T09:19
S117,2025-12-07T18:52
S117,2025-12-14T20:34
S117,2025-12-21T09:48
S117,2025-12-24T21:26
S117,2025-12-26T08:13
S117,2025-12-29T07:17
S117,2026-01-01T19:51
S117,2026-01-04T19:19
S117,2026-01-05T19:26
S117,2026-01-06T08:03
S117,2026-01-07T07:49
S117,2026-01-10T07:57
S117,2026-01-12T08:44
S117,2026-01-15T18:51
S117,2026-01-18T21:09
S117,2026-01-19T09:10
S117,2026-01-28T07:40
S118,2025-10-10T08:14
S118,2025-10-12T18:31
S118,2025-10-17T18:17
S118,2025-10-19T07:18
S118,2025-10-28T09:51
S118,2025-10-29T09:39
S118,2025-10-30T20:57
S118,2025-11-01T07:13
S118,2025-11-04T08:54
S118,2025-11-07T18:23
S118,2025-11-09T09:28
S118,2025-11-16T09:05
S118,2025-11-17T07:32
S118,2025-11-23T07:39
S118,2025-11-26T09:52
S118,2025-11-27T07:04
S118,2025-11-28T09:15
S118,2025-12-01T20:39
S118,2025-12-02T19:47
S118,2025-12-03T20:34
S118,2025-12-11T09:11
S118,2025-12-12T09:42
S118,2025-12-13T08:24
S118,2025-12-14T18:30
S118,2025-12-17T18:43
S118,2025-12-20T21:01
S118,2025-12-24T20:50
S118,2025-12-25T07:36
S118,2025-12-27T21:13
S118,2026-01-02T21:02
S118,2026-01-06T08:15
S118,2026-01-09T21:18
S118,2026-01-10T09:17
S118,2026-01-11T18:15
S118,2026-01-13T18:32
S118,2026-01-14T07:11
S118,2026-01-17T20:52
S118,2026-01-18T09:04
S118,2026-01-19T09:11
S118,2026-01-20T07:05
S118,2026-01-22T07:04
S118,2026-01-23T07:27
S118,2026-01-28T20:04
S119,2025-10-14T09:35
S119,2025-10-20T09:12
S119,2025-10-23T20:02
S119,2025-10-25T08:37
S119,2025-10-28T07:54
S119,2025-10-30T09:45
S119,2025-11-01T09:45
S119,2025-11-08T08:16
S119,2025-11-09T07:05
S119,2025-11-11T09:24
S119,2025-11-16T21:48
S119,2025-11-17T18:27
S119,2025-11-20T07:53
S119,2025-11-24T19:08
S119,2025-11-25T08:55
S119,2025-11-27T09:20
S119,2025-12-02T08:57
S119,2025-12-06T09:58
S119,2025-12-07T18:37
S119,2025-12-11T08:39
S119,2025-12-16T18:49
S119,2025-12-18T18:42
S119,2025-12-23T19:14
S119,2025-12-26T18:17
S119,2025-12-27T08:21
S119,2025-12-29T09:57
S119,2026-01-02T07:12
S119,2026-01-05T18:21
S119,2026-01-09T21:42
S119,2026-01-11T20:23
S119,2026-01-12T18:27
S119,2026-01-15T21:00
S119,2026-01-16T21:02
S119,2026-01-17T20:37
S119,2026-01-18T08:56
S119,2026-01-19T07:37
S119,2026-01-20T20:20
S119,2026-01-25T19:04
S120,2025-10-13T08:50
S120,2025-10-15T08:31
S120,2025-10-17T20:05
S120,2025-10-18T18:46
S120,2025-10-19T07:39
S120,2025-10-21T18:14
S120,2025-10-24T18:51
S120,2025-10-28T07:48
S120,2025-10-29T19:17
S120,2025-10-30T08:12
S120,2025-10-31T19:53
S120,2025-11-02T21:19
S120,2025-11-04T19:58
S120,2025-11-05T08:28
S120,2025-11-08T09:18
S120,2025-11-09T09:53
S120,2025-11-10T20:39
S120,2025-11-11T09:54
S120,2025-11-12T20:03
S120,2025-11-13T09:59
S120,2025-11-14T18:10
S120,2025-11-16T08:30
S120,2025-11-17T09:31
S120,2025-11-18T09:29
S120,2025-11-21T09:01
S120,2025-11-23T20:48
S120,2025-11-24T07:27
S120,2025-11-25T21:59
S120,2025-11-26T08:55
S120,2025-11-29T21:47
S120,2025-12-02T07:35
S120,2025-12-03T07:57
S120,2025-12-04T08:36
S120,2025-12-05T19:38
S120,2025-12-06T08:51
S120,2025-12-07T07:34
S120,2025-12-08T19:18
S120,2025-12-12T18:28
S120,2025-12-16T09:06
S120,2025-12-18T18:08
S120,2025-12-19T21:27
S120,2025-12-20T20:28
S120,2025-12-22T08:16
S120,2025-12-25T21:30
S120,2025-12-27T09:20
S120,2025-12-29T08:35
S120,2025-12-30T08:36
S120,2026-01-08T19:21
S120,2026-01-10T20:41
S120,2026-01-16T18:41
S120,2026-01-18T19:12
S120,2026-01-19T09:53
S120,2026-01-20T09:56
S120,2026-01-21T19:58
S120,2026-01-22T08:29
S120,2026-01-24T20:11
S120,2026-01-25T08:43
S120,2026-01-26T09:14
S120,2026-01-27T07:25
S121,2025-10-09T20:49
S121,2025-10-13T18:49
S121,2025-10-15T07:54
S121,2025-10-18T09:42
S121,2025-10-19T21:11
S121,2025-10-20T20:19
S121,2025-10-22T20:37
S121,2025-10-24T09:27
S121,2025-10-29T08:29
S121,2025-10-30T19:12
S121,2025-11-01T08:36
S121,2025-11-02T07:37
S121,2025-11-03T08:35
S121,2025-11-04T20:25
S121,2025-11-05T09:07
S121,2025-11-07T18:39
S121,2025-11-09T09:21
S121,2025-11-11T18:07
S121,2025-11-14T19:39
S121,2025-11-19T08:29
S121,2025-11-21T07:19
S121,2025-11-22T18:54
S121,2025-11-24T20:42
S121,2025-11-29T21:15
S121,2025-11-30T19:58
S121,2025-12-01T21:55
S121,2025-12-02T09:52
S121,2025-12-03T21:23
S121,2025-12-04T21:08
S121,2025-12-07T09:50
S121,2025-12-09T18:36
S121,2025-12-10T08:16
S121,2025-12-14T21:30
S121,2025-12-24T21:56
S121,2025-12-26T21:30
S121,2025-12-27T19:29
S121,2025-12-31T20:19
S121,2026-01-01T18:38
S121,2026-01-02T19:54
S121,2026-01-09T18:48
S121,2026-01-10T07:41
S121,2026-01-13T20:28
S121,2026-01-15T09:45
S121,2026-01-16T09:33
S121,2026-01-20T08:06
S121,2026-01-21T18:57
S121,2026-01-24T08:58
S121,2026-01-26T18:49
S122,2025-10-09T08:07
S122,2025-10-10T08:26
S122,2025-10-11T19:22
S122,2025-10-16T20:07
S122,2025-10-18T09:25
S122,2025-10-19T21:58
S122,2025-10-20T19:38
S122,2025-10-21T19:48
S122,2025-10-22T18:24
S122,2025-10-23T19:15
S122,2025-10-25T21:01
S122,2025-10-26T20:17
S122,2025-10-28T21:16
S122,2025-10-29T20:38
S122,2025-10-31T19:31
S122,2025-11-01T08:28
S122,2025-11-03T20:29
S122,2025-11-06T08:12
S122,2025-11-09T09:20
S122,2025-11-11T20:20
S122,2025-11-13T21:16
S122,2025-11-15T09:51
S122,2025-11-17T21:08
S122,2025-11-25T18:09
S122,2025-12-01T18:30
S122,2025-12-10T19:22
S122,2025-12-13T18:29
S122,2025-12-14T07:56
S122,2025-12-16T18:08
S122,2025-12-21T20:46
S122,2025-12-25T07:43
S122,2025-12-27T09:10
S122,2025-12-28T08:15
S122,2025-12-29T07:31
S122,2025-12-30T21:11
S122,2026-01-01T07:44
S122,2026-01-05T20:56
S122,2026-01-09T07:07
S122,2026-01-13T09:11
S122,2026-01-15T07:42
S122,2026-01-16T08:50
S122,2026-01-18T09:38
S122,2026-01-19T09:30
S122,2026-01-20T07:32
S122,2026-01-25T08:28
S122,2026-01-27T19:20
S122,2026-01-28T21:55
S123,2025-10-09T21:53
S123,2025-10-10T18:57
S123,2025-10-14T20:08
S123,2025-10-15T21:30
S123,2025-10-16T08:20
S123,2025-10-20T21:33
S123,2025-10-23T21:30
S123,2025-10-28T18:24
S123,2025-10-29T18:00
S123,2025-10-31T21:21
S123,2025-11-05T19:46
S123,2025-11-06T07:00
S123,2025-11-07T07:41
S123,2025-11-09T20:41
S123,2025-11-10T19:14
S123,2025-11-13T07:21
S123,2025-11-14T20:34
S123,2025-11-16T19:15
S123,2025-11-17T20:46
S123,2025-11-18T07:16
S123,2025-11-19T20:25
S123,2025-11-20T19:16
S123,2025-11-21T20:16
S123,2025-11-22T20:44
S123,2025-11-23T20:34
S123,2025-11-24T20:13
S123,2025-11-25T21:07
S123,2025-11-26T19:14
S123,2025-11-27T20:26
S123,2025-11-28T19:48
S123,2025-11-29T21:52
S123,2025-11-30T09:59
S123,2025-12-03T20:04
S123,2025-12-04T20:57
S123,2025-12-05T07:22
S123,2025-12-08T07:33
S123,2025-12-12T08:46
S123,2025-12-14T19:25
S123,2025-12-15T18:05
S123,2025-12-16T20:58
S123,2025-12-17T08:17
S123,2025-12-20T18:16
S123,2025-12-23T07:13
S123,2025-12-25T20:12
S123,2025-12-28T21:43
S123,2025-12-29T21:14
S123,2026-01-01T09:42
S123,2026-01-09T21:43
S123,2026-01-10T09:16
S123,2026-01-11T09:18
S123,2026-01-14T18:35
S123,2026-01-17T09:31
S123,2026-01-19T08:47
S123,2026-01-20T18:39
S123,2026-01-22T19:16
S123,2026-01-23T21:42
S123,2026-01-24T08:00
S123,2026-01-25T09:31
S123,2026-01-26T18:12
S123,2026-01-27T20:57
S123,2026-01-28T20:36
S124,2025-10-10T19:16
S124,2025-10-11T18:20
S124,2025-10-13T19:25
S124,2025-10-15T18:27
S124,2025-10-18T20:28
S124,2025-10-22T21:11
S124,2025-11-04T19:29
S124,2025-11-11T21:15
S124,2025-11-18T20:09
S124,2025-11-19T21:44
S124,2025-11-20T18:59
S124,2025-12-01T19:36
S124,2025-12-03T19:02
S124,2025-12-07T21:35
S124,2025-12-09T21:45
S124,2025-12-11T18:18
S124,2025-12-15T19:41
S124,2025-12-16T19:36
S124,2025-12-20T09:54
S124,2025-12-22T18:28
S124,2025-12-23T18:24
S124,2025-12-26T20:35
S124,2025-12-27T08:21
S124,2025-12-28T08:04
S124,2025-12-31T20:35
S124,2026-01-01T20:44
S124,2026-01-05T09:22
S124,2026-01-06T08:12
S124,2026-01-09T09:53
S124,2026-01-11T19:35
S124,2026-01-14T20:51
S124,2026-01-19T18:46
S124,2026-01-21T18:08
S124,2026-01-25T21:50
S125,2025-10-09T09:13
S125,2025-10-14T21:30
S125,2025-10-15T20:05
S125,2025-10-17T18:15
S125,2025-10-19T07:44
S125,2025-10-20T21:13
S125,2025-10-22T19:06
S125,2025-10-29T20:31
S125,2025-11-01T21:43
S125,2025-11-03T07:40
S125,2025-11-06T20:46
S125,2025-11-12T18:33
S125,2025-11-14T19:44
S125,2025-11-17T09:51
S125,2025-11-18T21:39
S125,2025-11-20T09:13
S125,2025-11-22T21:42
S125,2025-11-23T07:52
S125,2025-11-27T21:34
S125,2025-12-04T07:27
S125,2025-12-06T09:45
S125,2025-12-08T20:22
S125,2025-12-11T19:58
S125,2025-12-12T18:34
S125,2025-12-13T19:08
S125,2025-12-16T19:05
S125,2025-12-18T21:24
S125,2025-12-21T21:21
S125,2025-12-23T08:44
S125,2025-12-24T19:59
S125,2025-12-25T09:24
S125,2025-12-26T21:00
S125,2025-12-30T18:43
S125,2025-12-31T21:31
S125,2026-01-03T09:38
S125,2026-01-08T21:53
S125,2026-01-09T09:28
S125,2026-01-11T20:25
S125,2026-01-13T09:19
S125,2026-01-14T20:02
S125,2026-01-16T07:57
S125,2026-01-24T19:46
S125,2026-01-25T07:16
S125,2026-01-26T08:28
S125,2026-01-27T18:05
S126,2025-10-10T19:15
S126,2025-10-13T09:46
S126,2025-10-15T09:58
S126,2025-10-17T21:03
S126,2025-10-19T19:16
S126,2025-10-23T21:47
S126,2025-10-26T20:25
S126,2025-10-27T21:40
S126,2025-10-30T18:29
S126,2025-10-31T20:21
S126,2025-11-01T09:01
S126,2025-11-06T18:11
S126,2025-11-07T20:35
S126,2025-11-08T08:25
S126,2025-11-09T19:06
S126,2025-11-12T19:00
S126,2025-11-13T21:57
S126,2025-11-16T08:22
S126,2025-11-19T08:44
S126,2025-11-21T20:05
S126,2025-11-26T18:07
S126,2025-12-03T20:18
S126,2025-12-08T19:17
S126,2025-12-09T21:36
S126,2025-12-12T20:56
S126,2025-12-14T08:32
S126,2025-12-16T08:36
S126,2025-12-17T18:53
S126,2025-12-18T20:26
S126,2025-12-19T21:08
S126,2025-12-21T20:20
S126,2025-12-22T18:54
S126,2025-12-25T19:32
S126,2025-12-27T09:52
S126,2025-12-30T21:01
S126,2025-12-31T18:38
S126,2026-01-01T19:43
S126,2026-01-02T20:17
S126,2026-01-04T09:06
S126,2026-01-05T09:17
S126,2026-01-06T18:37
S126,2026-01-07T19:57
S126,2026-01-09T07:43
S126,2026-01-11T09:30
S126,2026-01-12T08:10
S126,2026-01-14T18:58
S126,2026-01-17T08:03
S126,2026-01-18T07:33
S126,2026-01-19T19:23
S126,2026-01-20T20:01
S126,2026-01-21T18:05
S126,2026-01-22T08:24
S126,2026-01-23T21:56
S126,2026-01-27T19:54
S126,2026-01-28T09:15
S127,2025-10-09T18:54
S127,2025-10-10T21:21
S127,2025-10-11T19:25
S127,2025-10-12T19:24
S127,2025-10-13T07:00
S127,2025-10-17T20:22
S127,2025-10-19T09:22
S127,2025-10-20T09:42
S127,2025-10-22T21:31
S127,2025-10-23T20:12
S127,2025-10-25T09:17
S127,2025-10-27T21:14
S127,2025-10-31T07:20
S127,2025-11-01T07:38
S127,2025-11-02T21:26
S127,2025-11-03T19:43
S127,2025-11-04T08:23
S127,2025-11-05T09:46
S127,2025-11-06T09:41
S127,2025-11-08T21:49
S127,2025-11-09T18:26
S127,2025-11-10T20:26
S127,2025-11-15T07:52
S127,2025-11-16T19:56
S127,2025-11-17T21:20
S127,2025-11-18T08:39
S127,2025-11-19T19:12
S127,2025-11-20T07:22
S127,2025-11-26T18:36
S127,2025-11-27T20:52
S127,2025-11-30T18:16
S127,2025-12-02T18:40
S127,2025-12-03T08:24
S127,2025-12-05T08:49
S127,2025-12-06T07:05
S127,2025-12-07T09:56
S127,2025-12-09T19:37
S127,2025-12-11T20:44
S127,2025-12-12T09:13
S127,2025-12-14T08:39
S127,2025-12-16T09:54
S127,2025-12-18T19:34
S127,2025-12-19T07:23
S127,2025-12-20T09:17
S127,2025-12-21T07:51
S127,2025-12-23T19:23
S127,2025-12-24T19:34
S127,2025-12-25T20:00
S127,2025-12-26T18:24
S127,2025-12-28T19:48
S127,2026-01-01T18:42
S127,2026-01-05T08:24
S127,2026-01-09T08:28
S127,2026-01-10T09:22
S127,2026-01-12T09:24
S127,2026-01-14T20:50
S127,2026-01-15T07:00
S127,2026-01-16T08:18
S127,2026-01-17T07:33
S127,2026-01-21T18:39
S127,2026-01-24T21:17
S127,2026-01-25T08:24
S128,2025-10-10T18:34
S128,2025-10-12T09:02
S128,2025-10-13T20:44
S128,2025-10-14T21:26
S128,2025-10-16T07:26
S128,2025-10-17T20:06
S128,2025-10-18T18:22
S128,2025-10-20T07:58
S128,2025-10-25T09:41
S128,2025-10-26T19:32
S128,2025-10-28T08:35
S128,2025-11-04T19:40
S128,2025-11-06T09:16
S128,2025-11-07T09:47
S128,2025-11-09T19:47
S128,2025-11-10T09:51
S128,2025-11-11T21:34
S128,2025-11-15T18:13
S128,2025-11-18T21:47
S128,2025-11-19T19:30
S128,2025-11-20T21:16
S128,2025-11-24T18:23
S128,2025-11-29T18:22
S128,2025-11-30T08:49
S128,2025-12-04T20:13
S128,2025-12-06T08:14
S128,2025-12-07T21:05
S128,2025-12-10T09:14
S128,2025-12-11T08:35
S128,2025-12-12T21:07
S128,2025-12-13T21:02
S128,2025-12-16T20:46
S128,2025-12-20T19:40
S128,2025-12-22T08:23
S128,2025-12-23T19:31
S128,2025-12-24T20:51
S128,2025-12-26T07:12
S128,2025-12-27T07:33
S128,2025-12-28T20:14
S128,2025-12-31T18:13
S128,2026-01-04T07:28
S128,2026-01-08T08:17
S128,2026-01-12T20:06
S128,2026-01-13T19:54
S128,2026-01-16T21:24
S128,2026-01-18T20:13
S128,2026-01-23T09:53
S128,2026-01-25T08:16
S129,2025-10-12T18:09
S129,2025-10-17T09:16
S129,2025-10-18T07:58
S129,2025-10-19T21:06
S129,2025-10-23T18:52
S129,2025-10-25T21:43
S129,2025-10-26T21:33
S129,2025-10-27T20:44
S129,2025-10-31T18:13
S129,2025-11-03T20:15
S129,2025-11-09T21:31
S129,2025-11-11T09:01
S129,2025-11-12T08:49
S129,2025-11-13T19:16
S129,2025-11-16T19:11
S129,2025-11-19T20:21
S129,2025-11-20T07:19
S129,2025-11-22T07:53
S129,2025-11-24T21:52
S129,2025-12-02T08:05
S129,2025-12-04T09:17
S129,2025-12-06T20:44
S129,2025-12-08T07:22
S129,2025-12-11T21:25
S129,2025-12-13T19:06
S129,2025-12-16T21:43
S129,2025-12-18T09:25
S129,2025-12-19T07:14
S129,2025-12-21T18:44
S129,2025-12-24T21:26
S129,2025-12-26T07:04
S129,2025-12-27T19:01
S129,2025-12-28T21:57
S129,2025-12-29T07:15
S129,2025-12-30T21:37
S129,2026-01-06T21:15
S129,2026-01-09T20:28
S129,2026-01-14T08:34
S129,2026-01-15T21:02
S129,2026-01-16T21:28
S129,2026-01-18T08:32
S129,2026-01-20T07:40
S129,2026-01-21T21:06
S129,2026-01-24T09:57
S129,2026-01-27T21:17
S129,2026-01-28T09:06
S130,2025-10-09T18:25
S130,2025-10-15T19:27
S130,2025-10-16T18:39
S130,2025-10-17T08:41
S130,2025-10-20T07:22
S130,2025-10-23T21:12
S130,2025-10-26T21:16
S130,2025-10-27T20:47
S130,2025-10-28T18:01
S130,2025-10-29T18:19
S130,2025-10-30T09:45
S130,2025-10-31T09:54
S130,2025-11-01T18:39
S130,2025-11-02T08:35
S130,2025-11-03T20:15
S130,2025-11-04T09:33
S130,2025-11-07T18:45
S130,2025-11-08T20:12
S130,2025-11-09T18:21
S130,2025-11-10T08:11
S130,2025-11-11T18:58
S130,2025-11-12T20:29
S130,2025-11-13T19:50
S130,2025-11-15T21:31
S130,2025-11-16T09:05
S130,2025-11-18T18:26
S130,2025-11-19T19:42
S130,2025-11-20T19:47
S130,2025-11-23T21:58
S130,2025-11-24T19:10
S130,2025-11-25T21:02
S130,2025-11-26T08:04
S130,2025-11-29T21:52
S130,2025-12-01T19:08
S130,2025-12-03T21:02
S130,2025-12-04T19:05
S130,2025-12-05T07:25
S130,2025-12-08T19:07
S130,2025-12-09T19:56
S130,2025-12-10T09:37
S130,2025-12-11T08:23
S130,2025-12-13T19:34
S130,2025-12-14T21:13
S130,2025-12-16T21:13
S130,2025-12-19T08:11
S130,2025-12-21T20:43
S130,2025-12-22T21:45
S130,2025-12-23T08:40
S130,2025-12-24T08:57
S130,2025-12-31T07:16
S130,2026-01-01T09:30
S130,2026-01-02T09:00
S130,2026-01-04T18:38
S130,2026-01-05T18:41
S130,2026-01-06T19:33
S130,2026-01-07T08:20
S130,2026-01-09T20:56
S130,2026-01-11T18:17
S130,2026-01-13T19:18
S130,2026-01-14T08:11
S130,2026-01-16T07:09
S130,2026-01-17T08:05
S130,2026-01-18T19:50
S130,2026-01-19T09:56
S130,2026-01-20T21:11
S130,2026-01-21T07:01
S130,2026-01-24T08:10
S130,2026-01-26T18:52
S131,2025-10-10T19:47
S131,2025-10-12T19:44
S131,2025-10-13T07:26
S131,2025-10-17T21:39
S131,2025-10-18T19:22
S131,2025-10-20T09:15
S131,2025-10-21T20:03
S131,2025-10-25T21:52
S131,2025-10-27T08:24
S131,2025-10-28T18:11
S131,2025-10-30T08:36
S131,2025-10-31T07:27
S131,2025-11-02T07:11
S131,2025-11-03T19:53
S131,2025-11-04T18:53
S131,2025-11-05T18:55
S131,2025-11-06T09:04
S131,2025-11-09T08:45
S131,2025-11-11T08:12
S131,2025-11-12T21:41
S131,2025-11-14T19:47
S131,2025-11-16T08:13
S131,2025-11-18T09:41
S131,2025-11-19T20:03
S131,2025-11-20T19:32
S131,2025-11-24T21:55
S131,2025-11-25T07:07
S131,2025-11-26T19:50
S131,2025-11-29T08:42
S131,2025-12-01T07:14
S131,2025-12-04T20:14
S131,2025-12-05T19:28
S131,2025-12-09T09:53
S131,2025-12-10T09:09
S131,2025-12-11T18:53
S131,2025-12-14T18:30
S131,2025-12-15T08:15
S131,2025-12-16T18:24
S131,2025-12-17T21:11
S131,2025-12-18T08:35
S131,2025-12-19T19:02
S131,2025-12-20T07:52
S131,2025-12-21T08:42
S131,2025-12-23T09:56
S131,2025-12-24T21:33
S131,2025-12-25T07:13
S131,2025-12-26T18:28
S131,2025-12-27T07:44
S131,2025-12-28T08:14
S131,2026-01-01T18:41
S131,2026-01-04T18:51
S131,2026-01-05T19:33
S131,2026-01-07T08:00
S131,2026-01-08T21:31
S131,2026-01-11T08:16
S131,2026-01-12T09:26
S131,2026-01-13T09:45
S131,2026-01-15T08:53
S131,2026-01-16T21:25
S131,2026-01-18T07:37
S131,2026-01-20T21:21
S131,2026-01-21T18:48
S131,2026-01-23T09:08
S131,2026-01-24T18:06
S131,2026-01-25T21:01
S132,2025-10-09T20:35
S132,2025-10-11T09:16
S132,2025-10-13T19:38
S132,2025-10-14T08:52
S132,2025-10-16T20:58
S132,2025-10-17T21:16
S132,2025-10-18T21:35
S132,2025-10-20T19:03
S132,2025-10-22T20:24
S132,2025-10-23T19:29
S132,2025-10-28T18:03
S132,2025-10-29T19:08
S132,2025-10-30T18:50
S132,2025-11-02T20:04
S132,2025-11-03T08:41
S132,2025-11-04T07:18
S132,2025-11-06T18:17
S132,2025-11-07T07:29
S132,2025-11-08T09:34
S132,2025-11-11T21:16
S132,2025-11-12T07:14
S132,2025-11-13T18:08
S132,2025-11-16T21:27
S132,2025-11-17T18:34
S132,2025-11-18T20:26
S132,2025-11-19T09:44
S132,2025-11-21T18:19
S132,2025-11-22T07:20
S132,2025-11-23T07:44
S132,2025-11-24T07:09
S132,2025-11-25T21:58
S132,2025-11-26T09:31
S132,2025-11-27T20:38
S132,2025-11-29T18:21
S132,2025-11-30T08:47
S132,2025-12-04T20:31
S132,2025-12-05T09:27
S132,2025-12-06T08:58
S132,2025-12-07T21:48
S132,2025-12-08T19:17
S132,2025-12-10T18:07
S132,2025-12-11T20:30
S132,2025-12-12T20:33
S132,2025-12-13T21:35
S132,2025-12-14T08:59
S132,2025-12-15T20:58
S132,2025-12-18T21:08
S132,2025-12-19T09:08
S132,2025-12-22T20:07
S132,2025-12-24T21:50
S132,2025-12-26T09:17
S132,2025-12-27T19:13
S132,2025-12-29T18:29
S132,2025-12-30T18:38
S132,2025-12-31T18:24
S132,2026-01-04T18:11
S132,2026-01-06T08:42
S132,2026-01-07T20:21
S132,2026-01-09T21:22
S132,2026-01-10T18:37
S132,2026-01-11T21:03
S132,2026-01-12T21:23
S132,2026-01-14T07:00
S132,2026-01-16T21:56
S132,2026-01-17T21:11
S132,2026-01-18T08:04
S132,2026-01-23T18:49
S132,2026-01-24T08:37
S132,2026-01-27T18:11
S132,2026-01-28T21:17
S133,2025-10-09T08:27
S133,2025-10-12T08:29
S133,2025-10-13T19:40
S133,2025-10-15T09:04
S133,2025-10-16T21:27
S133,2025-10-17T19:38
S133,2025-10-18T19:19
S133,2025-10-20T19:26
S133,2025-10-21T20:57
S133,2025-10-24T19:26
S133,2025-10-25T08:06
S133,2025-10-28T08:46
S133,2025-10-29T19:58
S133,2025-10-30T20:04
S133,2025-10-31T21:27
S133,2025-11-01T08:52
S133,2025-11-03T21:31
S133,2025-11-05T08:47
S133,2025-11-08T21:18
S133,2025-11-09T07:28
S133,2025-11-10T20:57
S133,2025-11-13T09:38
S133,2025-11-14T18:02
S133,2025-11-15T19:51
S133,2025-11-17T09:32
S133,2025-11-18T20:57
S133,2025-11-19T09:26
S133,2025-11-20T07:20
S133,2025-11-22T21:30
S133,2025-11-24T20:45
S133,2025-11-25T08:26
S133,2025-11-29T18:10
S133,2025-11-30T21:17
S133,2025-12-02T09:00
S133,2025-12-03T21:34
S133,2025-12-09T09:30
S133,2025-12-10T18:38
S133,2025-12-12T07:24
S133,2025-12-13T09:37
S133,2025-12-14T18:02
S133,2025-12-15T21:50
S133,2025-12-17T08:17
S133,2025-12-18T20:43
S133,2025-12-19T19:09
S133,2025-12-21T19:08
S133,2025-12-22T08:33
S133,2025-12-24T18:37
S133,2025-12-25T19:30
S133,2025-12-26T08:49
S133,2025-12-27T18:35
S133,2025-12-29T20:20
S133,2025-12-31T07:46
S133,2026-01-01T20:47
S133,2026-01-02T07:02
S133,2026-01-03T08:04
S133,2026-01-04T20:25
S133,2026-01-05T19:20
S133,2026-01-06T19:25
S133,2026-01-08T20:43
S133,2026-01-11T08:07
S133,2026-01-12T19:14
S133,2026-01-13T09:15
S133,2026-01-15T07:15
S133,2026-01-17T19:02
S133,2026-01-19T18:46
S133,2026-01-21T21:12
S133,2026-01-22T21:42
S133,2026-01-23T19:01
S133,2026-01-24T20:26
S133,2026-01-26T20:25
S133,2026-01-27T08:58
S134,2025-10-14T18:35
S134,2025-10-16T18:35
S134,2025-10-27T18:52
S134,2025-10-31T08:49
S134,2025-11-02T07:17
S134,2025-11-03T20:01
S134,2025-11-06T19:35
S134,2025-11-10T18:38
S134,2025-11-16T21:38
S134,2025-11-21T19:53
S134,2025-11-28T08:20
S134,2025-12-04T07:15
S134,2025-12-05T18:30
S134,2025-12-07T09:08
S134,2025-12-09T21:13
S134,2025-12-12T07:36
S134,2025-12-14T08:51
S134,2025-12-16T20:13
S134,2025-12-19T09:32
S134,2025-12-20T09:57
S134,2025-12-22T21:57
S134,2025-12-30T21:50
S134,2025-12-31T18:01
S134,2026-01-03T09:40
S134,2026-01-06T09:58
S134,2026-01-08T19:17
S134,2026-01-10T18:11
S134,2026-01-12T19:06
S134,2026-01-15T20:54
S134,2026-01-18T18:34
S134,2026-01-24T19:16
